Report Date,Choice 600-900,Select 600-900
08/11/2026,371.31,349.80
08/10/2026,371.42,350.84
08/07/2026,364.36,352.37
08/06/2026,363.86,349.78
08/05/2026,367.97,348.06
08/04/2026,369.65,346.50
08/03/2026,366.73,344.45
07/31/2026,361.38,346.23
07/30/2026,360.50,341.33
07/29/2026,363.43,342.41
07/28/2026,365.86,343.52
07/27/2026,362.89,345.16
07/24/2026,361.24,346.71
07/23/2026,362.87,348.75
07/22/2026,363.50,350.57
07/21/2026,366.91,354.23
07/20/2026,370.10,355.45
07/17/2026,366.81,355.29
07/16/2026,368.38,355.69
07/15/2026,371.28,359.18
07/14/2026,373.95,364.41
07/13/2026,375.61,365.17
07/10/2026,382.68,368.33
07/09/2026,380.81,363.49
07/08/2026,381.20,363.09
07/07/2026,385.77,365.89
07/06/2026,386.48,365.87
07/02/2026,387.07,367.43
07/01/2026,391.26,369.69
06/30/2026,393.16,371.68
06/29/2026,391.44,374.18
06/26/2026,391.03,371.58
06/25/2026,396.32,374.74
06/24/2026,398.94,378.14
06/23/2026,400.31,381.06
06/22/2026,396.06,375.59
06/19/2026,394.37,372.08
06/18/2026,393.92,374.75
06/17/2026,394.50,377.26
06/16/2026,399.58,376.85
06/15/2026,395.05,376.41
06/12/2026,391.93,372.72
06/11/2026,393.21,373.25
06/10/2026,393.29,375.71
06/09/2026,392.90,376.93
06/08/2026,392.20,378.09
06/05/2026,392.70,382.69
06/04/2026,392.66,383.04
06/03/2026,395.86,384.43
06/02/2026,394.07,384.81
06/01/2026,392.83,383.09
05/29/2026,391.47,383.18
05/28/2026,392.32,385.58
05/27/2026,394.72,389.29
05/26/2026,392.90,390.30
05/22/2026,390.27,385.00
05/21/2026,391.48,385.65
05/20/2026,393.62,391.13
05/19/2026,395.75,393.58
05/18/2026,392.14,390.23
05/15/2026,389.25,389.25
05/14/2026,387.45,389.00
05/13/2026,388.68,388.58
05/12/2026,390.73,391.27
05/11/2026,391.22,391.49
05/08/2026,388.39,385.01
05/07/2026,386.94,384.42
05/06/2026,389.62,389.63
05/05/2026,392.34,392.24
05/04/2026,391.56,390.60
05/01/2026,389.11,387.05
04/30/2026,389.52,388.17
04/29/2026,388.05,386.25
04/28/2026,388.90,388.78
04/27/2026,389.56,388.60
04/24/2026,387.00,386.07
04/23/2026,383.50,382.58
04/22/2026,384.19,383.33
04/21/2026,386.18,387.20
04/20/2026,383.56,383.61
04/17/2026,381.06,376.60
04/16/2026,381.57,378.48
04/15/2026,381.98,378.58
04/14/2026,383.20,379.80
04/13/2026,381.92,383.64
04/10/2026,380.90,381.34
04/09/2026,381.09,381.57
04/08/2026,379.66,382.27
04/07/2026,382.74,386.33
04/06/2026,388.04,388.37
04/03/2026,387.78,386.19
04/02/2026,389.58,387.70
04/01/2026,394.42,392.59
03/31/2026,395.49,392.93
03/30/2026,394.10,391.01
03/27/2026,392.97,389.87
03/26/2026,389.85,391.66
03/25/2026,391.69,395.49
03/24/2026,399.91,394.50
03/23/2026,399.13,393.83
03/20/2026,400.11,392.94
03/19/2026,400.30,392.45
03/18/2026,401.75,396.17
03/17/2026,403.31,396.72
03/16/2026,402.66,394.51
03/13/2026,397.92,391.54
03/12/2026,397.09,390.82
03/11/2026,396.70,389.25
03/10/2026,394.67,386.77
03/09/2026,391.29,383.62
03/06/2026,387.22,378.95
03/05/2026,386.89,380.61
03/04/2026,388.57,380.35
03/03/2026,388.05,378.58
03/02/2026,381.34,378.21
02/27/2026,379.84,374.31
02/26/2026,377.89,370.79
02/25/2026,379.23,367.07
02/24/2026,377.43,366.01
02/23/2026,369.22,364.31
02/20/2026,366.70,360.74
02/19/2026,365.17,359.79
02/18/2026,363.80,360.63
02/17/2026,364.76,360.22
02/16/2026,367.77,361.23
02/13/2026,364.47,363.42
02/12/2026,364.84,363.03
02/11/2026,365.92,362.58
02/10/2026,367.55,362.90
02/09/2026,367.76,365.35
02/06/2026,369.33,364.53
02/05/2026,367.25,360.37
02/04/2026,368.02,362.09
02/03/2026,370.71,367.23
02/02/2026,368.21,364.91
01/30/2026,365.56,361.94
01/29/2026,367.66,360.72
01/28/2026,369.74,363.57
01/27/2026,368.11,365.19
01/26/2026,368.90,367.12
01/23/2026,368.92,362.39
01/22/2026,367.45,361.73
01/21/2026,366.11,362.45
01/20/2026,364.76,359.84
01/19/2026,364.33,360.33
01/16/2026,362.38,360.19
01/15/2026,360.77,359.71
01/14/2026,358.53,357.65
01/13/2026,357.99,357.18
01/12/2026,357.11,358.05
01/09/2026,355.63,352.17
01/08/2026,356.79,352.06
01/07/2026,354.28,349.28
01/06/2026,351.25,351.08
01/05/2026,353.70,351.50
01/02/2026,349.97,346.92
12/31/2025,347.45,342.38
12/30/2025,348.20,343.16
12/29/2025,349.33,345.62
12/26/2025,351.21,343.80
12/24/2025,354.62,345.75
12/23/2025,355.77,349.59
12/22/2025,362.87,350.69
12/19/2025,361.63,346.02
12/18/2025,357.28,343.97
12/17/2025,356.09,346.43
12/16/2025,358.88,349.10
12/15/2025,359.46,347.30
12/12/2025,357.44,344.22
12/11/2025,358.11,343.46
12/10/2025,359.36,344.88
12/09/2025,361.04,348.03
12/08/2025,360.90,348.60
12/05/2025,361.20,347.39
12/04/2025,362.72,350.32
12/03/2025,363.81,353.12
12/02/2025,364.72,350.78
12/01/2025,368.89,357.88
11/28/2025,366.82,351.05
11/26/2025,368.28,355.51
11/25/2025,370.09,355.93
11/24/2025,370.49,355.51
11/21/2025,371.48,356.98
11/20/2025,371.28,354.18
11/19/2025,371.23,353.55
11/18/2025,371.95,354.95
11/17/2025,370.41,356.30
11/14/2025,370.73,354.24
11/13/2025,373.57,355.03
11/12/2025,374.45,359.94
11/11/2025,379.22,360.08
11/10/2025,377.32,359.70
11/07/2025,376.40,361.09
11/06/2025,377.97,360.76
11/05/2025,378.26,360.25
11/04/2025,377.58,361.25
11/03/2025,379.25,359.93
10/31/2025,378.13,358.65
10/30/2025,378.27,359.52
10/29/2025,381.38,361.79
10/28/2025,379.65,360.00
10/27/2025,377.88,361.66
10/24/2025,375.76,357.97
10/23/2025,373.14,354.74
10/22/2025,370.65,353.61
10/21/2025,371.93,352.57
10/20/2025,369.18,353.46
10/17/2025,366.77,350.27
10/16/2025,366.11,348.93
10/15/2025,366.48,349.16
10/14/2025,364.42,350.55
10/13/2025,363.91,349.75
10/10/2025,365.57,346.39
10/09/2025,365.22,344.33
10/08/2025,366.16,345.24
10/07/2025,365.97,348.88
10/06/2025,363.34,347.97
10/03/2025,362.27,345.38
10/02/2025,363.22,343.40
10/01/2025,368.47,346.89
09/30/2025,371.03,347.25
09/29/2025,370.68,348.89
09/26/2025,371.43,352.44
09/25/2025,371.97,353.45
09/24/2025,377.39,356.42
09/23/2025,380.80,359.90
09/22/2025,381.39,362.09
09/19/2025,382.05,359.92
09/18/2025,385.81,361.31
09/17/2025,388.18,366.37
09/16/2025,392.62,373.17
09/15/2025,398.53,378.80
09/12/2025,400.04,378.44
09/11/2025,400.79,379.95
09/10/2025,405.64,383.68
09/09/2025,407.67,386.96
09/08/2025,409.69,385.34
09/05/2025,410.76,385.19
09/04/2025,414.21,387.77
09/03/2025,416.01,387.73
09/02/2025,413.42,386.17
08/29/2025,415.41,390.00
08/28/2025,414.41,385.84
08/27/2025,411.84,387.71
08/26/2025,413.17,390.76
08/25/2025,408.49,385.38
08/22/2025,407.91,383.66
08/21/2025,407.86,383.60
08/20/2025,405.85,383.16
08/19/2025,407.20,379.76
08/18/2025,404.24,377.14
08/15/2025,400.57,370.76
08/14/2025,393.79,366.88
08/13/2025,390.49,367.96
08/12/2025,390.58,365.64
08/11/2025,381.52,359.61
08/08/2025,378.84,355.09
08/07/2025,378.94,353.75
08/06/2025,374.86,351.36
08/05/2025,369.94,345.94
08/04/2025,365.79,341.59
08/01/2025,363.22,340.50
07/31/2025,361.32,341.37
07/30/2025,361.99,340.91
07/29/2025,364.19,342.48
07/28/2025,367.73,346.85
07/25/2025,366.68,344.87
07/24/2025,368.09,347.00
07/23/2025,367.52,345.39
07/22/2025,372.50,347.94
07/21/2025,372.07,350.05
07/18/2025,373.55,351.49
07/17/2025,373.28,353.84
07/16/2025,372.85,357.91
07/15/2025,377.72,362.58
07/14/2025,377.07,364.58
07/11/2025,378.64,366.49
07/10/2025,384.66,370.86
07/09/2025,386.45,373.27
07/08/2025,393.04,378.46
07/07/2025,390.98,377.53
07/03/2025,389.75,378.44
07/02/2025,394.86,380.31
07/01/2025,395.60,380.06
06/30/2025,395.56,384.10
06/27/2025,396.49,382.93
06/26/2025,395.05,379.74
06/25/2025,394.94,376.29
06/24/2025,394.25,382.41
06/23/2025,390.22,383.10
06/20/2025,390.50,376.95
06/19/2025,393.79,374.59
06/18/2025,388.87,372.74
06/17/2025,386.51,372.54
06/16/2025,382.11,367.47
06/13/2025,377.88,363.50
06/12/2025,376.72,363.07
06/11/2025,374.76,360.75
06/10/2025,371.76,359.84
06/09/2025,367.25,358.93
06/06/2025,365.08,356.73
06/05/2025,366.85,356.61
06/04/2025,365.16,356.72
06/03/2025,365.44,356.52
06/02/2025,366.00,358.11
05/30/2025,366.34,356.65
05/29/2025,366.09,353.64
05/28/2025,365.42,351.74
05/27/2025,361.85,350.83
05/23/2025,361.55,351.32
05/22/2025,360.97,348.95
05/21/2025,359.59,348.28
05/20/2025,358.75,344.96
05/19/2025,354.81,344.11
05/16/2025,352.49,342.39
05/15/2025,349.90,339.18
05/14/2025,349.36,335.85
05/13/2025,350.10,334.47
05/12/2025,348.14,335.23
05/09/2025,345.97,331.17
05/08/2025,347.89,333.20
05/07/2025,346.15,334.00
05/06/2025,344.67,332.97
05/05/2025,343.57,328.07
05/02/2025,342.90,325.35
05/01/2025,343.17,324.28
04/30/2025,345.31,322.02
04/29/2025,348.26,323.82
04/28/2025,342.77,325.12
04/25/2025,336.48,320.11
04/24/2025,333.70,316.35
04/23/2025,331.97,314.52
04/22/2025,331.73,317.65
04/21/2025,333.52,318.77
04/18/2025,331.52,315.55
04/17/2025,332.90,316.39
04/16/2025,333.53,314.39
04/15/2025,335.43,315.24
04/14/2025,335.63,315.85
04/11/2025,334.22,313.96
04/10/2025,334.29,314.96
04/09/2025,337.86,320.61
04/08/2025,338.10,322.06
04/07/2025,339.50,319.30
04/04/2025,338.45,317.18
04/03/2025,338.37,317.84
04/02/2025,339.90,318.83
04/01/2025,342.22,322.07
03/31/2025,335.26,320.01
03/28/2025,332.82,318.68
03/27/2025,335.72,319.44
03/26/2025,338.30,316.53
03/25/2025,335.19,314.05
03/24/2025,327.10,313.58
03/21/2025,325.45,309.62
03/20/2025,328.06,309.36
03/19/2025,329.61,308.68
03/18/2025,323.32,309.23
03/17/2025,321.16,307.90
03/14/2025,318.27,306.32
03/13/2025,319.69,307.47
03/12/2025,321.10,307.53
03/11/2025,321.20,306.86
03/10/2025,317.58,306.95
03/07/2025,314.90,305.80
03/06/2025,313.12,303.51
03/05/2025,313.54,302.53
03/04/2025,314.87,304.02
03/03/2025,313.93,302.41
02/28/2025,311.83,302.05
02/27/2025,311.18,302.13
02/26/2025,312.90,303.24
02/25/2025,314.32,304.13
02/24/2025,313.73,303.97
02/21/2025,310.77,302.56
02/20/2025,312.63,303.18
02/19/2025,313.89,303.76
02/18/2025,315.77,303.71
02/17/2025,315.70,306.23
02/14/2025,314.70,307.14
02/13/2025,317.40,309.84
02/12/2025,319.26,309.14
02/11/2025,322.46,312.21
02/10/2025,323.50,313.92
02/07/2025,321.87,312.90
02/06/2025,323.98,314.77
02/05/2025,325.34,314.33
02/04/2025,330.73,317.41
02/03/2025,331.99,319.84
01/31/2025,327.68,317.07
01/30/2025,327.48,315.90
01/29/2025,330.54,320.67
01/28/2025,332.45,321.96
01/27/2025,330.08,320.55
01/24/2025,327.92,316.29
01/23/2025,330.96,317.21
01/22/2025,332.02,317.99
01/21/2025,332.05,319.55
01/20/2025,333.16,319.44
01/17/2025,333.69,319.83
01/16/2025,333.41,319.38
01/15/2025,334.14,318.04
01/14/2025,332.98,318.71
01/13/2025,333.35,317.57
01/10/2025,332.84,314.14
01/09/2025,330.78,308.35
01/08/2025,328.61,306.89
01/07/2025,325.79,305.43
01/06/2025,327.10,303.33
01/03/2025,325.24,296.72
01/02/2025,323.48,294.23
12/31/2024,324.22,294.52
12/30/2024,325.37,294.76
12/27/2024,322.38,291.13
12/26/2024,320.39,288.77
12/23/2024,315.98,286.75
12/20/2024,315.85,285.91
12/19/2024,320.69,284.11
12/18/2024,314.84,285.55
12/17/2024,315.63,288.50
12/16/2024,317.37,289.57
12/13/2024,316.39,283.86
12/12/2024,315.24,280.48
12/11/2024,311.23,278.11
12/10/2024,311.73,279.65
12/09/2024,314.14,279.34
12/06/2024,312.04,276.73
12/05/2024,307.84,277.10
12/04/2024,308.33,277.70
12/03/2024,310.83,275.33
12/02/2024,313.01,277.00
11/29/2024,310.52,274.30
11/27/2024,311.26,274.30
11/26/2024,311.57,275.49
11/25/2024,309.71,273.74
11/22/2024,307.41,272.07
11/21/2024,306.79,272.92
11/20/2024,306.39,270.99
11/19/2024,308.79,271.91
11/18/2024,307.28,275.45
11/15/2024,303.34,276.14
11/14/2024,303.80,276.66
11/13/2024,306.94,278.66
11/12/2024,308.27,279.92
11/11/2024,308.21,281.84
11/08/2024,307.93,279.19
11/07/2024,309.46,279.72
11/06/2024,315.59,283.20
11/05/2024,317.21,285.24
11/04/2024,316.91,287.16
11/01/2024,316.34,285.03
10/31/2024,317.60,285.37
10/30/2024,319.44,289.32
10/29/2024,320.61,289.96
10/28/2024,323.50,292.18
10/25/2024,322.24,295.08
10/24/2024,321.17,294.34
10/23/2024,321.41,295.77
10/22/2024,323.96,294.80
10/21/2024,322.86,296.21
10/18/2024,320.65,294.20
10/17/2024,319.26,293.52
10/16/2024,319.13,292.37
10/15/2024,316.83,292.09
10/14/2024,313.32,289.10
10/11/2024,311.22,288.72
10/10/2024,309.95,290.73
10/09/2024,308.18,288.63
10/08/2024,306.84,288.61
10/07/2024,305.93,289.33
10/04/2024,302.58,287.61
10/03/2024,299.80,283.29
10/02/2024,299.81,283.93
10/01/2024,300.17,285.30
09/30/2024,298.08,284.53
09/27/2024,296.69,282.08
09/26/2024,296.37,282.37
09/25/2024,298.17,283.28
09/24/2024,301.89,286.87
09/23/2024,301.81,287.79
09/20/2024,300.19,288.59
09/19/2024,299.56,288.26
09/18/2024,301.38,289.75
09/17/2024,303.91,292.22
09/16/2024,304.57,292.14
09/13/2024,304.91,294.17
09/12/2024,307.18,295.64
09/11/2024,307.36,294.38
09/10/2024,308.23,297.01
09/09/2024,308.52,298.49
09/06/2024,309.41,296.12
09/05/2024,311.51,296.78
09/04/2024,311.60,299.39
09/03/2024,310.67,300.11
08/30/2024,309.34,295.82
08/29/2024,308.66,296.19
08/28/2024,307.29,297.63
08/27/2024,311.97,300.25
08/26/2024,315.90,300.19
08/23/2024,317.34,300.46
08/22/2024,315.99,302.03
08/21/2024,315.21,301.08
08/20/2024,315.08,301.04
08/19/2024,315.55,302.01
08/16/2024,317.45,302.59
08/15/2024,316.94,302.03
08/14/2024,314.88,300.50
08/13/2024,316.93,300.61
08/12/2024,315.83,300.17
08/09/2024,312.71,298.59
08/08/2024,312.12,298.03
08/07/2024,313.85,298.83
08/06/2024,315.81,299.62
08/05/2024,317.94,300.06
08/02/2024,313.77,297.17
08/01/2024,312.79,297.46
07/31/2024,314.77,300.16
07/30/2024,314.48,301.38
07/29/2024,314.81,301.52
07/26/2024,313.77,297.46
07/25/2024,312.46,295.11
07/24/2024,312.68,293.96
07/23/2024,313.21,296.66
07/22/2024,313.44,298.33
07/19/2024,313.83,298.80
07/18/2024,316.15,299.46
07/17/2024,318.16,298.44
07/16/2024,319.26,301.59
07/15/2024,321.49,304.82
07/12/2024,322.06,302.31
07/11/2024,321.65,303.38
07/10/2024,324.05,303.94
07/09/2024,325.66,304.31
07/08/2024,330.47,304.72
07/05/2024,330.43,305.06
07/03/2024,329.84,304.38
07/02/2024,330.39,306.48
07/01/2024,329.18,306.41
06/28/2024,326.32,304.50
06/27/2024,323.33,302.70
06/26/2024,322.85,302.86
06/25/2024,323.39,305.26
06/24/2024,322.64,305.07
06/21/2024,322.39,303.11
06/20/2024,322.87,304.40
06/19/2024,320.70,303.26
06/18/2024,320.52,304.21
06/17/2024,320.47,304.82
06/14/2024,319.89,303.81
06/13/2024,318.31,299.25
06/12/2024,317.60,298.93
06/11/2024,318.21,300.62
06/10/2024,317.42,301.04
06/07/2024,316.75,301.14
06/06/2024,316.21,300.83
06/05/2024,314.79,300.90
06/04/2024,316.88,304.47
06/03/2024,315.60,303.70
05/31/2024,313.20,301.71
05/30/2024,314.04,302.52
05/29/2024,313.62,302.48
05/28/2024,312.12,303.43
05/24/2024,310.45,301.72
05/23/2024,309.84,300.08
05/22/2024,312.17,299.61
05/21/2024,313.02,300.87
05/20/2024,312.70,299.35
05/17/2024,313.45,297.40
05/16/2024,310.15,296.51
05/15/2024,306.77,294.31
05/14/2024,304.39,293.82
05/13/2024,298.95,287.18
05/10/2024,294.57,284.17
05/09/2024,295.39,285.76
05/08/2024,296.67,288.25
05/07/2024,298.49,292.34
05/06/2024,298.76,289.75
05/03/2024,294.20,287.65
05/02/2024,292.90,287.98
05/01/2024,293.54,288.07
04/30/2024,294.37,289.95
04/29/2024,297.53,290.21
04/26/2024,297.14,288.72
04/25/2024,296.92,289.66
04/24/2024,295.74,290.42
04/23/2024,297.40,292.76
04/22/2024,295.93,291.87
04/19/2024,295.67,290.83
04/18/2024,295.80,289.27
04/17/2024,296.81,290.88
04/16/2024,298.02,292.64
04/15/2024,300.88,291.34
04/12/2024,300.57,295.54
04/11/2024,298.37,295.15
04/10/2024,298.23,296.02
04/09/2024,302.09,299.90
04/08/2024,302.07,300.27
04/05/2024,297.17,294.70
04/04/2024,297.15,296.05
04/03/2024,301.30,296.92
04/02/2024,304.16,298.99
04/01/2024,305.74,301.79
03/29/2024,306.72,303.43
03/28/2024,308.36,301.17
03/27/2024,308.58,298.43
03/26/2024,311.09,300.26
03/25/2024,310.89,301.96
03/22/2024,310.72,301.47
03/21/2024,313.73,303.73
03/20/2024,313.44,302.71
03/19/2024,313.22,303.18
03/18/2024,313.33,303.05
03/15/2024,311.90,302.40
03/14/2024,310.78,301.69
03/13/2024,309.82,301.04
03/12/2024,310.59,299.60
03/11/2024,308.88,298.88
03/08/2024,307.04,297.43
03/07/2024,306.61,296.26
03/06/2024,304.91,295.09
03/05/2024,304.79,294.87
03/04/2024,306.30,295.17
03/01/2024,305.28,295.74
02/29/2024,304.20,294.18
02/28/2024,303.03,292.94
02/27/2024,301.74,290.40
02/26/2024,301.79,287.99
02/23/2024,300.61,286.31
02/22/2024,299.79,285.81
02/21/2024,297.80,284.46
02/20/2024,297.37,287.82
02/19/2024,297.09,287.40
02/16/2024,296.20,286.66
02/15/2024,295.30,287.99
02/14/2024,294.00,284.02
02/13/2024,292.27,285.30
02/12/2024,294.08,287.02
02/09/2024,294.04,285.08
02/08/2024,295.01,284.12
02/07/2024,294.98,285.42
02/06/2024,294.07,284.60
02/05/2024,293.48,283.77
02/02/2024,293.08,283.47
02/01/2024,294.94,283.25
01/31/2024,294.54,284.17
01/30/2024,296.07,287.05
01/29/2024,299.42,288.82
01/26/2024,300.53,289.13
01/25/2024,298.68,287.85
01/24/2024,299.50,287.24
01/23/2024,301.66,288.38
01/22/2024,298.67,286.58
01/19/2024,295.50,283.05
01/18/2024,296.29,283.76
01/17/2024,298.45,283.02
01/16/2024,294.99,279.98
01/15/2024,291.42,272.56
01/12/2024,289.26,271.85
01/11/2024,285.89,269.94
01/10/2024,283.07,266.94
01/09/2024,280.16,262.83
01/08/2024,278.83,259.36
01/05/2024,277.16,259.53
01/04/2024,275.90,258.82
01/03/2024,278.03,258.85
01/02/2024,284.34,258.86
12/29/2023,289.71,260.33
12/28/2023,291.28,259.24
12/27/2023,291.48,260.32
12/26/2023,293.31,261.19
12/22/2023,292.93,261.15
12/21/2023,291.13,261.27
12/20/2023,289.13,261.60
12/19/2023,288.83,263.16
12/18/2023,288.93,263.72
12/15/2023,291.64,260.82
12/14/2023,292.32,258.26
12/13/2023,291.64,259.21
12/12/2023,292.78,258.66
12/11/2023,290.43,259.54
12/08/2023,288.01,257.90
12/07/2023,289.84,258.83
12/06/2023,290.56,259.90
12/05/2023,293.75,259.13
12/04/2023,294.99,262.83
12/01/2023,297.46,265.49
11/30/2023,299.02,264.75
11/29/2023,297.03,264.09
11/28/2023,298.17,266.35
11/27/2023,297.25,267.80
11/24/2023,298.03,268.76
11/22/2023,297.00,267.62
11/21/2023,295.81,268.77
11/20/2023,295.75,270.95
11/17/2023,293.87,270.70
11/16/2023,294.72,267.65
11/15/2023,296.33,267.85
11/14/2023,295.67,267.88
11/13/2023,297.85,269.24
11/10/2023,300.46,267.42
11/09/2023,299.42,269.42
11/08/2023,298.75,271.03
11/07/2023,300.38,269.48
11/06/2023,301.72,270.36
11/03/2023,302.34,272.01
11/02/2023,304.53,274.34
11/01/2023,302.18,278.55
10/31/2023,305.18,279.50
10/30/2023,309.28,280.89
10/27/2023,307.57,280.12
10/26/2023,306.85,279.69
10/25/2023,307.50,281.66
10/24/2023,305.98,284.00
10/23/2023,304.54,281.02
10/20/2023,305.38,278.70
10/19/2023,304.12,277.48
10/18/2023,303.86,278.35
10/17/2023,305.14,278.63
10/16/2023,304.67,277.20
10/13/2023,300.80,275.49
10/12/2023,301.19,275.02
10/11/2023,300.28,275.30
10/10/2023,301.06,276.15
10/09/2023,303.42,277.50
10/06/2023,302.01,275.78
10/05/2023,297.76,274.77
10/04/2023,296.76,274.87
10/03/2023,300.07,275.59
10/02/2023,303.08,276.98
09/29/2023,300.78,276.04
09/28/2023,301.51,277.44
09/27/2023,300.95,278.51
09/26/2023,299.54,279.10
09/25/2023,301.48,280.45
09/22/2023,303.33,280.43
09/21/2023,301.93,279.00
09/20/2023,301.26,278.68
09/19/2023,302.12,281.78
09/18/2023,305.32,283.41
09/15/2023,305.71,283.12
09/14/2023,306.37,286.86
09/13/2023,307.55,287.19
09/12/2023,308.03,283.78
09/11/2023,310.11,285.44
09/08/2023,312.90,286.05
09/07/2023,311.66,286.17
09/06/2023,313.57,287.61
09/05/2023,315.48,289.54
09/01/2023,314.49,290.29
08/31/2023,313.79,289.25
08/30/2023,315.11,289.53
08/29/2023,314.36,289.68
08/28/2023,317.04,292.09
08/25/2023,317.90,292.67
08/24/2023,317.63,291.91
08/23/2023,317.05,291.59
08/22/2023,317.05,289.51
08/21/2023,315.56,287.33
08/18/2023,316.11,288.36
08/17/2023,314.14,286.26
08/16/2023,308.99,284.77
08/15/2023,307.26,283.03
08/14/2023,305.50,280.45
08/11/2023,302.61,277.23
08/10/2023,302.03,277.80
08/09/2023,303.52,278.14
08/08/2023,302.39,276.16
08/07/2023,301.49,275.01
08/04/2023,301.79,276.48
08/03/2023,302.01,278.31
08/02/2023,303.18,277.47
08/01/2023,306.10,279.60
07/31/2023,301.78,277.73
07/28/2023,302.00,277.54
07/27/2023,302.86,279.76
07/26/2023,303.34,279.81
07/25/2023,304.22,277.55
07/24/2023,304.16,276.99
07/21/2023,302.74,276.73
07/20/2023,302.56,274.71
07/19/2023,303.59,275.96
07/18/2023,304.68,276.61
07/17/2023,306.78,275.74
07/14/2023,305.94,276.61
07/13/2023,306.91,280.18
07/12/2023,310.98,281.10
07/11/2023,312.12,280.24
07/10/2023,313.79,282.33
07/07/2023,316.90,285.63
07/06/2023,319.87,289.97
07/05/2023,322.78,292.69
07/03/2023,328.34,294.30
06/30/2023,327.72,293.63
06/29/2023,328.05,297.18
06/28/2023,327.90,296.68
06/27/2023,329.23,298.43
06/26/2023,333.04,299.67
06/23/2023,334.01,299.96
06/22/2023,334.47,303.80
06/21/2023,334.25,304.25
06/20/2023,336.91,307.93
06/19/2023,340.14,310.76
06/16/2023,343.09,310.95
06/15/2023,342.07,309.58
06/14/2023,339.06,309.26
06/13/2023,337.99,309.48
06/12/2023,337.43,310.24
06/09/2023,332.93,305.71
06/08/2023,328.73,304.10
06/07/2023,325.19,301.56
06/06/2023,321.40,299.44
06/05/2023,314.19,296.73
06/02/2023,309.93,290.93
06/01/2023,306.44,286.32
05/31/2023,305.84,287.15
05/30/2023,304.96,287.77
05/26/2023,303.93,284.92
05/25/2023,299.94,284.54
05/24/2023,298.30,283.79
05/23/2023,300.74,281.28
05/22/2023,303.90,283.43
05/19/2023,301.10,283.94
05/18/2023,298.31,283.61
05/17/2023,298.15,282.89
05/16/2023,299.47,284.35
05/15/2023,301.98,284.71
05/12/2023,304.61,284.68
05/11/2023,305.72,284.58
05/10/2023,306.87,284.54
05/09/2023,307.38,284.89
05/08/2023,308.56,285.12
05/05/2023,309.19,288.16
05/04/2023,309.52,287.49
05/03/2023,309.09,287.12
05/02/2023,309.24,288.66
05/01/2023,310.02,291.00
04/28/2023,311.44,288.34
04/27/2023,311.07,289.09
04/26/2023,309.24,287.94
04/25/2023,307.63,287.62
04/24/2023,307.12,288.70
04/21/2023,306.60,287.80
04/20/2023,306.99,288.74
04/19/2023,305.92,291.46
04/18/2023,307.06,291.61
04/17/2023,305.98,289.32
04/14/2023,302.62,283.87
04/13/2023,300.42,283.38
04/12/2023,298.48,281.81
04/11/2023,295.10,282.04
04/10/2023,292.91,278.40
04/07/2023,290.98,275.78
04/06/2023,289.65,276.63
04/05/2023,288.62,278.16
04/04/2023,287.94,277.95
04/03/2023,285.09,274.18
03/31/2023,282.07,270.72
03/30/2023,279.20,268.46
03/29/2023,280.29,268.90
03/28/2023,280.63,270.36
03/27/2023,280.36,269.72
03/24/2023,279.88,268.75
03/23/2023,282.78,268.89
03/22/2023,281.30,269.82
03/21/2023,279.92,271.55
03/20/2023,281.02,273.94
03/17/2023,283.35,272.44
03/16/2023,283.95,271.76
03/15/2023,284.27,272.63
03/14/2023,285.91,274.56
03/13/2023,284.86,273.62
03/10/2023,284.91,271.54
03/09/2023,284.60,276.05
03/08/2023,284.78,278.12
03/07/2023,287.93,277.49
03/06/2023,290.20,276.47
03/03/2023,289.32,276.86
03/02/2023,288.50,277.58
03/01/2023,287.83,276.43
02/28/2023,288.95,279.25
02/27/2023,288.34,279.25
02/24/2023,287.28,277.08
02/23/2023,287.91,275.87
02/22/2023,287.91,273.64
02/21/2023,287.20,270.84
02/20/2023,282.89,268.05
02/17/2023,281.04,265.89
02/16/2023,279.55,262.64
02/15/2023,275.67,261.19
02/14/2023,272.06,258.78
02/13/2023,269.95,256.21
02/10/2023,269.66,254.29
02/09/2023,269.29,254.01
02/08/2023,267.20,253.16
02/07/2023,266.72,257.33
02/06/2023,266.57,253.72
02/03/2023,264.74,251.61
02/02/2023,265.10,253.66
02/01/2023,265.07,252.78
01/31/2023,266.09,252.92
01/30/2023,268.10,251.52
01/27/2023,267.76,250.54
01/26/2023,268.75,251.48
01/25/2023,268.28,251.80
01/24/2023,269.64,252.39
01/23/2023,271.44,254.49
01/20/2023,271.72,256.43
01/19/2023,271.51,255.69
01/18/2023,274.08,253.86
01/17/2023,276.66,254.53
01/16/2023,277.43,256.55
01/13/2023,276.62,256.89
01/12/2023,277.49,257.01
01/11/2023,280.73,258.10
01/10/2023,284.53,258.33
01/09/2023,286.14,259.60
01/06/2023,282.99,259.34
01/05/2023,281.63,256.95
01/04/2023,282.89,256.40
01/03/2023,286.95,254.63
12/30/2022,281.98,250.93
12/29/2022,278.86,250.70
12/28/2022,279.41,247.28
12/27/2022,280.04,245.64
12/23/2022,271.95,245.47
12/22/2022,265.21,241.81
12/21/2022,264.86,236.29
12/20/2022,265.05,233.90
12/19/2022,263.83,238.57
12/16/2022,262.83,235.45
12/15/2022,254.30,228.51
12/14/2022,250.07,226.69
12/13/2022,254.95,225.46
12/12/2022,257.02,225.68
12/09/2022,248.93,221.26
12/08/2022,247.28,220.55
12/07/2022,248.96,219.77
12/06/2022,242.65,219.14
12/05/2022,243.31,221.11
12/02/2022,249.93,224.56
12/01/2022,253.57,225.00
11/30/2022,254.88,225.01
11/29/2022,254.74,225.82
11/28/2022,254.53,228.53
11/25/2022,251.83,234.37
11/23/2022,252.56,233.33
11/22/2022,256.63,234.18
11/21/2022,255.57,233.23
11/18/2022,254.87,232.83
11/17/2022,257.10,231.74
11/16/2022,257.09,231.35
11/15/2022,258.36,231.76
11/14/2022,257.98,233.21
11/11/2022,258.94,235.27
11/10/2022,263.27,236.83
11/09/2022,264.67,235.22
11/08/2022,264.94,236.05
11/07/2022,264.55,235.92
11/04/2022,263.75,231.90
11/03/2022,265.18,233.06
11/02/2022,263.47,233.16
11/01/2022,262.63,232.73
10/31/2022,263.65,234.46
10/28/2022,263.26,234.49
10/27/2022,262.49,231.91
10/26/2022,260.86,228.60
10/25/2022,261.43,227.35
10/24/2022,257.92,225.61
10/21/2022,253.71,224.36
10/20/2022,253.62,222.08
10/19/2022,253.39,222.19
10/18/2022,250.78,221.28
10/17/2022,248.14,219.61
10/14/2022,246.98,216.94
10/13/2022,246.53,215.86
10/12/2022,246.66,214.26
10/11/2022,246.75,212.85
10/10/2022,244.63,213.82
10/07/2022,246.07,216.13
10/06/2022,247.36,216.99
10/05/2022,247.06,219.22
10/04/2022,248.04,221.91
10/03/2022,245.94,221.31
09/30/2022,243.75,220.13
09/29/2022,246.08,219.78
09/28/2022,247.55,219.21
09/27/2022,248.43,221.21
09/26/2022,247.84,223.35
09/23/2022,248.63,219.31
09/22/2022,248.40,222.11
09/21/2022,249.13,226.14
09/20/2022,251.64,227.23
09/19/2022,252.45,225.89
09/16/2022,252.40,226.65
09/15/2022,252.34,229.95
09/14/2022,253.47,230.11
09/13/2022,256.66,233.58
09/12/2022,258.94,235.76
09/09/2022,257.26,234.73
09/08/2022,258.01,236.04
09/07/2022,261.34,237.51
09/06/2022,260.47,239.30
09/02/2022,259.42,238.58
09/01/2022,258.07,236.59
08/31/2022,258.34,237.74
08/30/2022,259.79,239.68
08/29/2022,263.04,242.75
08/26/2022,262.76,238.76
08/25/2022,263.54,237.54
08/24/2022,262.83,237.62
08/23/2022,262.80,238.80
08/22/2022,264.52,238.36
08/19/2022,264.28,237.94
08/18/2022,264.39,237.47
08/17/2022,264.34,237.89
08/16/2022,265.44,239.12
08/15/2022,264.46,239.72
08/12/2022,263.37,239.59
08/11/2022,263.10,237.46
08/10/2022,263.23,237.08
08/09/2022,264.73,237.70
08/08/2022,266.24,238.86
08/05/2022,264.62,238.67
08/04/2022,266.28,240.35
08/03/2022,267.94,241.30
08/02/2022,268.46,241.55
08/01/2022,270.60,242.90
07/29/2022,269.24,242.25
07/28/2022,267.77,240.81
07/27/2022,267.99,241.81
07/26/2022,269.11,243.88
07/25/2022,268.11,245.00
07/22/2022,267.12,242.50
07/21/2022,267.76,240.53
07/20/2022,270.53,242.25
07/19/2022,272.57,243.73
07/18/2022,270.55,242.66
07/15/2022,268.91,241.79
07/14/2022,267.75,241.91
07/13/2022,268.05,241.26
07/12/2022,268.51,242.17
07/11/2022,268.14,243.00
07/08/2022,267.89,241.85
07/07/2022,268.07,242.58
07/06/2022,268.05,242.93
07/05/2022,264.66,239.87
07/01/2022,263.82,240.47
06/30/2022,264.00,240.57
06/29/2022,264.88,240.81
06/28/2022,267.14,243.31
06/27/2022,268.68,245.24
06/24/2022,264.98,245.02
06/23/2022,264.66,244.94
06/22/2022,266.57,245.99
06/21/2022,267.56,246.70
06/20/2022,266.50,246.39
06/17/2022,266.26,246.53
06/16/2022,267.16,245.38
06/15/2022,268.22,245.68
06/14/2022,269.44,246.82
06/13/2022,270.54,247.45
06/10/2022,271.32,248.89
06/09/2022,271.10,249.61
06/08/2022,271.74,249.41
06/07/2022,271.42,249.56
06/06/2022,269.58,251.09
06/03/2022,267.26,250.02
06/02/2022,266.65,249.63
06/01/2022,267.42,248.91
05/31/2022,267.54,248.65
05/27/2022,265.42,246.50
05/26/2022,263.97,244.43
05/25/2022,262.93,244.06
05/24/2022,263.65,245.35
05/23/2022,264.28,244.23
05/20/2022,262.17,243.02
05/19/2022,261.70,246.06
05/18/2022,260.47,246.02
05/17/2022,260.48,248.19
05/16/2022,260.31,245.67
05/13/2022,258.95,243.90
05/12/2022,257.20,244.36
05/11/2022,255.08,242.18
05/10/2022,255.24,242.35
05/09/2022,258.29,243.13
05/06/2022,254.44,245.06
05/05/2022,255.18,245.81
05/04/2022,259.74,247.68
05/03/2022,259.55,247.34
05/02/2022,262.55,248.23
04/29/2022,260.78,247.97
04/28/2022,262.60,251.06
04/27/2022,261.91,252.32
04/26/2022,264.17,256.23
04/25/2022,266.60,256.52
04/22/2022,267.91,254.77
04/21/2022,270.17,255.68
04/20/2022,268.82,256.53
04/19/2022,269.93,259.21
04/18/2022,271.08,259.46
04/15/2022,272.62,258.90
04/14/2022,271.86,259.71
04/13/2022,272.36,259.37
04/12/2022,273.47,260.71
04/11/2022,272.11,260.29
04/08/2022,270.47,260.33
04/07/2022,271.40,261.22
04/06/2022,271.04,261.05
04/05/2022,271.53,262.90
04/04/2022,268.04,261.70
04/01/2022,267.14,262.52
03/31/2022,268.39,262.34
03/30/2022,267.04,257.46
03/29/2022,264.50,254.84
03/28/2022,263.87,256.32
03/25/2022,262.64,252.14
03/24/2022,262.41,252.59
03/23/2022,261.60,253.24
03/22/2022,259.97,251.89
03/21/2022,258.50,252.50
03/18/2022,258.16,250.65
03/17/2022,257.05,250.68
03/16/2022,258.08,250.27
03/15/2022,257.90,248.84
03/14/2022,255.51,249.94
03/11/2022,254.71,249.11
03/10/2022,253.94,247.37
03/09/2022,252.70,244.79
03/08/2022,252.44,244.94
03/07/2022,254.71,250.22
03/04/2022,254.33,248.41
03/03/2022,254.35,247.79
03/02/2022,255.72,251.34
03/01/2022,256.68,251.52
02/28/2022,257.51,253.41
02/25/2022,258.27,255.41
02/24/2022,259.24,254.55
02/23/2022,260.88,258.96
02/22/2022,261.64,263.64
02/21/2022,264.09,261.84
02/18/2022,265.85,262.63
02/17/2022,269.59,264.85
02/16/2022,269.62,266.08
02/15/2022,270.37,267.82
02/14/2022,273.96,268.75
02/11/2022,274.52,267.83
02/10/2022,274.82,268.95
02/09/2022,275.79,272.05
02/08/2022,277.46,273.84
02/07/2022,278.96,275.04
02/04/2022,279.81,276.05
02/03/2022,281.46,276.47
02/02/2022,283.15,279.57
02/01/2022,285.44,280.22
01/31/2022,290.40,283.27
01/28/2022,290.42,283.41
01/27/2022,289.11,279.10
01/26/2022,289.46,279.72
01/25/2022,292.38,283.32
01/24/2022,293.50,284.79
01/21/2022,292.41,282.33
01/20/2022,292.98,282.18
01/19/2022,291.60,280.43
01/18/2022,289.49,278.39
01/17/2022,287.86,277.05
01/14/2022,284.31,273.97
01/13/2022,282.86,272.76
01/12/2022,279.93,270.98
01/11/2022,278.22,268.63
01/10/2022,276.04,266.50
01/07/2022,271.82,261.10
01/06/2022,268.56,260.64
01/05/2022,266.93,259.61
01/04/2022,266.82,259.23
01/03/2022,266.03,258.90
12/30/2021,265.26,258.23
12/29/2021,265.71,257.09
12/28/2021,264.66,256.09
12/27/2021,264.48,255.18
12/23/2021,262.94,252.95
12/22/2021,261.86,250.83
12/21/2021,261.39,249.92
12/20/2021,262.38,250.67
12/17/2021,263.01,248.28
12/16/2021,262.97,248.14
12/15/2021,260.26,247.45
12/14/2021,260.72,248.80
12/13/2021,263.22,253.64
12/10/2021,264.54,252.24
12/09/2021,264.55,251.68
12/08/2021,264.11,253.09
12/07/2021,268.03,255.68
12/06/2021,272.53,257.85
12/03/2021,274.36,258.64
12/02/2021,272.02,258.25
12/01/2021,270.22,257.97
11/30/2021,271.68,260.29
11/29/2021,277.58,262.02
11/26/2021,280.01,262.28
11/24/2021,279.11,263.47
11/23/2021,278.64,262.67
11/22/2021,279.25,263.73
11/19/2021,278.41,263.83
11/18/2021,276.16,263.16
11/17/2021,278.47,264.06
11/16/2021,282.13,266.59
11/15/2021,283.20,267.28
11/12/2021,284.30,269.53
11/11/2021,285.14,267.29
11/10/2021,285.52,266.62
11/09/2021,287.80,270.62
11/08/2021,288.65,268.60
11/05/2021,289.54,267.52
11/04/2021,290.22,268.22
11/03/2021,288.49,267.72
11/02/2021,287.38,266.13
11/01/2021,287.58,264.39
10/29/2021,285.72,263.37
10/28/2021,284.89,262.64
10/27/2021,283.63,261.69
10/26/2021,284.76,262.54
10/25/2021,283.04,263.19
10/22/2021,281.82,263.11
10/21/2021,280.66,262.72
10/20/2021,280.03,262.80
10/19/2021,280.88,261.53
10/18/2021,280.09,259.81
10/15/2021,280.24,260.62
10/14/2021,280.32,260.68
10/13/2021,280.02,258.70
10/12/2021,281.07,261.35
10/11/2021,281.12,263.64
10/08/2021,283.27,262.74
10/07/2021,285.30,264.44
10/06/2021,286.62,262.91
10/05/2021,287.71,267.78
10/04/2021,289.18,265.16
10/01/2021,292.36,264.84
09/30/2021,294.98,269.32
09/29/2021,297.33,271.78
09/28/2021,301.56,274.35
09/27/2021,302.70,274.38
09/24/2021,303.32,274.53
09/23/2021,305.60,274.99
09/22/2021,307.83,275.50
09/21/2021,311.37,278.01
09/20/2021,315.66,280.75
09/17/2021,314.47,279.75
09/16/2021,318.00,280.27
09/15/2021,319.82,283.89
09/14/2021,322.89,290.62
09/13/2021,325.93,292.16
09/10/2021,327.22,293.37
09/09/2021,332.58,296.45
09/08/2021,334.86,298.17
09/07/2021,335.19,301.90
09/03/2021,336.42,304.13
09/02/2021,337.92,304.97
09/01/2021,338.45,307.57
08/31/2021,342.11,312.03
08/30/2021,342.78,312.55
08/27/2021,345.34,315.52
08/26/2021,347.27,319.59
08/25/2021,346.89,315.69
08/24/2021,347.58,316.90
08/23/2021,348.03,319.40
08/20/2021,345.06,318.53
08/19/2021,341.63,316.41
08/18/2021,340.08,309.80
08/17/2021,338.06,306.77
08/16/2021,329.80,303.55
08/13/2021,324.83,298.02
08/12/2021,317.93,290.31
08/11/2021,310.80,287.99
08/10/2021,305.32,284.61
08/09/2021,299.80,280.81
08/06/2021,296.26,277.09
08/05/2021,292.58,273.77
08/04/2021,289.34,271.15
08/03/2021,285.84,267.49
08/02/2021,281.00,263.38
07/30/2021,278.46,259.19
07/29/2021,275.22,256.82
07/28/2021,273.16,256.12
07/27/2021,269.73,253.94
07/26/2021,267.93,250.92
07/23/2021,266.63,249.94
07/22/2021,266.14,249.77
07/21/2021,265.24,248.77
07/20/2021,264.88,248.58
07/19/2021,266.49,249.49
07/16/2021,267.94,251.79
07/15/2021,269.87,252.48
07/14/2021,272.88,253.75
07/13/2021,273.34,256.74
07/12/2021,275.00,258.77
07/09/2021,278.59,257.41
07/08/2021,281.97,260.06
07/07/2021,284.90,262.08
07/06/2021,286.68,263.31
07/02/2021,285.44,264.41
07/01/2021,287.65,266.93
06/30/2021,291.29,269.27
06/29/2021,292.34,270.40
06/28/2021,297.43,273.96
06/25/2021,304.56,276.18
06/24/2021,307.42,276.14
06/23/2021,312.05,275.41
06/22/2021,315.75,279.75
06/21/2021,321.20,281.46
06/18/2021,323.28,283.61
06/17/2021,326.25,287.24
06/16/2021,329.17,289.96
06/15/2021,334.43,298.28
06/14/2021,335.47,303.41
06/11/2021,337.56,305.21
06/10/2021,338.25,310.40
06/09/2021,338.65,307.87
06/08/2021,338.61,306.18
06/07/2021,338.60,309.17
06/04/2021,338.98,311.73
06/03/2021,340.55,313.16
06/02/2021,340.16,311.88
06/01/2021,334.56,306.45
05/28/2021,330.97,300.90
05/27/2021,329.98,304.10
05/26/2021,329.49,304.05
05/25/2021,329.92,304.26
05/24/2021,327.83,303.39
05/21/2021,325.17,302.31
05/20/2021,324.18,301.61
05/19/2021,323.38,299.69
05/18/2021,323.34,299.05
05/17/2021,319.62,296.89
05/14/2021,316.94,293.19
05/13/2021,316.78,295.91
05/12/2021,315.08,297.16
05/11/2021,312.37,296.34
05/10/2021,309.11,293.76
05/07/2021,305.88,290.27
05/06/2021,306.37,289.36
05/05/2021,304.78,286.18
05/04/2021,301.22,283.91
05/03/2021,299.30,283.79
04/30/2021,296.50,283.05
04/29/2021,293.76,279.79
04/28/2021,292.50,279.00
04/27/2021,290.99,279.53
04/26/2021,285.20,274.35
04/23/2021,283.77,272.13
04/22/2021,282.31,273.69
04/21/2021,280.46,271.88
04/20/2021,278.26,270.47
04/19/2021,276.17,269.13
04/16/2021,276.05,269.10
04/15/2021,276.62,268.43
04/14/2021,272.91,267.31
04/13/2021,270.11,266.54
04/12/2021,271.41,266.16
04/09/2021,272.17,264.07
04/08/2021,270.50,263.83
04/07/2021,266.31,255.19
04/06/2021,262.77,251.30
04/05/2021,258.67,249.86
04/02/2021,252.85,246.97
04/01/2021,249.97,244.70
03/31/2021,247.12,238.13
03/30/2021,244.83,235.92
03/29/2021,239.53,232.50
03/26/2021,237.66,227.77
03/25/2021,236.45,226.25
03/24/2021,234.84,224.07
03/23/2021,233.99,225.23
03/22/2021,230.95,223.05
03/19/2021,229.99,219.95
03/18/2021,228.61,218.11
03/17/2021,228.47,217.59
03/16/2021,226.93,218.77
03/15/2021,224.77,218.05
03/12/2021,225.87,220.27
03/11/2021,226.67,220.07
03/10/2021,227.29,219.82
03/09/2021,229.03,223.80
03/08/2021,231.08,223.13
03/05/2021,231.33,220.85
03/04/2021,233.88,221.68
03/03/2021,233.03,224.24
03/02/2021,234.68,226.17
03/01/2021,239.03,227.64
02/26/2021,240.53,229.73
02/25/2021,240.39,228.79
02/24/2021,240.75,229.79
02/23/2021,240.29,230.53
02/22/2021,239.98,229.98
02/19/2021,239.23,227.90
02/18/2021,238.85,227.47
02/17/2021,237.51,225.64
02/16/2021,234.77,222.03
02/15/2021,232.44,221.41
02/12/2021,232.37,220.93
02/11/2021,232.96,220.29
02/10/2021,233.02,220.96
02/09/2021,234.29,220.73
02/08/2021,236.20,220.61
02/05/2021,234.58,220.79
02/04/2021,234.25,220.44
02/03/2021,235.28,223.39
02/02/2021,236.76,225.04
02/01/2021,235.68,225.59
01/29/2021,233.95,222.70
01/28/2021,231.99,220.88
01/27/2021,229.66,218.99
01/26/2021,229.06,217.33
01/25/2021,226.73,216.21
01/22/2021,222.82,213.34
01/21/2021,221.20,210.28
01/20/2021,218.91,207.28
01/19/2021,217.49,206.44
01/18/2021,215.04,205.84
01/15/2021,212.92,203.08
01/14/2021,213.37,201.07
01/13/2021,211.00,199.06
01/12/2021,209.14,198.09
01/11/2021,207.69,195.74
01/08/2021,206.80,196.69
01/07/2021,205.81,196.59
01/06/2021,205.27,196.08
01/05/2021,205.90,196.49
01/04/2021,209.87,196.53
12/31/2020,209.95,195.65
12/30/2020,210.53,199.86
12/29/2020,210.30,195.48
12/28/2020,207.82,196.65
12/23/2020,207.54,197.93
12/22/2020,210.67,199.59
12/21/2020,210.92,197.26
12/18/2020,208.63,194.27
12/17/2020,209.51,193.70
12/16/2020,207.22,192.09
12/15/2020,208.82,192.20
12/14/2020,209.69,192.30
12/11/2020,213.88,195.71
12/10/2020,214.59,198.47
12/09/2020,218.26,201.65
12/08/2020,225.02,205.42
12/07/2020,230.80,209.48
12/04/2020,235.02,217.51
12/03/2020,239.19,219.93
12/02/2020,240.89,222.95
12/01/2020,243.40,223.08
11/30/2020,243.68,222.43
11/27/2020,242.85,220.68
11/25/2020,245.06,220.90
11/24/2020,244.30,219.71
11/23/2020,241.60,217.48
11/20/2020,238.35,214.98
11/19/2020,237.70,213.89
11/18/2020,235.84,213.62
11/17/2020,233.72,213.96
11/16/2020,226.95,212.35
11/13/2020,225.98,209.46
11/12/2020,226.50,208.24
11/11/2020,222.84,208.46
11/10/2020,222.25,208.55
11/09/2020,217.39,202.37
11/06/2020,214.32,198.49
11/05/2020,212.55,198.97
11/04/2020,210.19,197.05
11/03/2020,209.44,195.45
11/02/2020,208.65,192.62
10/30/2020,208.10,191.24
10/29/2020,207.32,191.23
10/28/2020,205.79,189.58
10/27/2020,206.70,188.67
10/26/2020,207.83,188.49
10/23/2020,207.49,191.40
10/22/2020,208.86,191.08
10/21/2020,208.47,190.91
10/20/2020,210.60,191.67
10/19/2020,209.74,191.84
10/16/2020,210.03,193.52
10/15/2020,210.48,196.50
10/14/2020,211.14,199.27
10/13/2020,212.44,200.08
10/12/2020,214.62,200.34
10/09/2020,214.06,199.82
10/08/2020,216.00,203.10
10/07/2020,216.88,205.58
10/06/2020,216.24,206.84
10/05/2020,216.98,208.01
10/02/2020,218.88,207.61
10/01/2020,218.98,207.62
09/30/2020,217.74,207.54
09/29/2020,217.16,206.99
09/28/2020,217.72,206.42
09/25/2020,219.34,206.98
09/24/2020,217.48,207.74
09/23/2020,215.87,207.60
09/22/2020,215.44,206.30
09/21/2020,216.22,205.82
09/18/2020,215.64,203.94
09/17/2020,215.05,203.39
09/16/2020,215.38,204.51
09/15/2020,216.09,206.28
09/14/2020,217.21,207.76
09/11/2020,219.89,207.10
09/10/2020,220.83,207.32
09/09/2020,222.95,207.51
09/08/2020,224.82,208.46
09/04/2020,225.85,209.30
09/03/2020,227.24,212.50
09/02/2020,227.58,213.82
09/01/2020,228.34,214.75
08/31/2020,227.95,215.32
08/28/2020,229.40,214.86
08/27/2020,231.54,214.26
08/26/2020,231.45,214.11
08/25/2020,229.68,212.26
08/24/2020,227.47,211.25
08/21/2020,225.94,208.99
08/20/2020,225.38,206.31
08/19/2020,223.04,205.65
08/18/2020,220.86,204.65
08/17/2020,217.26,201.94
08/14/2020,214.24,199.29
08/13/2020,210.95,197.41
08/12/2020,209.09,195.99
08/11/2020,208.08,195.02
08/10/2020,207.20,193.93
08/07/2020,205.47,192.75
08/06/2020,204.66,192.01
08/05/2020,203.57,190.82
08/04/2020,204.24,190.45
08/03/2020,204.66,190.40
07/31/2020,203.26,189.89
07/30/2020,201.80,191.50
07/29/2020,201.11,189.49
07/28/2020,202.96,188.32
07/27/2020,202.55,190.13
07/24/2020,201.77,190.63
07/23/2020,202.26,190.79
07/22/2020,201.15,189.28
07/21/2020,200.88,191.30
07/20/2020,201.74,191.59
07/17/2020,200.47,190.31
07/16/2020,200.80,191.30
07/15/2020,200.76,191.37
07/14/2020,200.92,190.85
07/13/2020,203.26,191.88
07/10/2020,204.50,194.29
07/09/2020,203.59,194.83
07/08/2020,203.83,195.52
07/07/2020,205.30,196.84
07/06/2020,205.46,196.97
07/02/2020,205.44,198.76
07/01/2020,205.38,198.43
06/30/2020,206.97,199.90
06/29/2020,208.36,200.71
06/26/2020,207.17,198.85
06/25/2020,208.26,199.93
06/24/2020,209.69,201.69
06/23/2020,211.81,203.57
06/22/2020,214.06,204.30
06/19/2020,213.72,203.91
06/18/2020,213.56,204.08
06/17/2020,217.93,208.08
06/16/2020,227.89,213.17
06/15/2020,228.61,214.35
06/12/2020,230.64,219.27
06/11/2020,235.56,219.88
06/10/2020,236.06,222.84
06/09/2020,247.00,227.95
06/08/2020,254.58,231.12
06/05/2020,261.48,246.42
06/04/2020,272.26,260.41
06/03/2020,295.90,276.78
06/02/2020,318.73,290.58
06/01/2020,341.15,316.83
05/29/2020,363.34,340.07
05/28/2020,369.56,344.09
05/27/2020,377.77,350.20
05/26/2020,385.49,360.02
05/22/2020,396.74,374.18
05/21/2020,401.81,382.53
05/20/2020,404.04,391.18
05/19/2020,409.47,388.87
05/18/2020,414.95,394.87
05/15/2020,434.32,419.06
05/14/2020,450.92,437.40
05/13/2020,465.99,437.24
05/12/2020,475.39,450.97
05/11/2020,468.58,452.97
05/08/2020,460.88,448.99
05/07/2020,458.54,448.57
05/06/2020,449.18,431.96
05/05/2020,428.99,410.71
05/04/2020,410.05,376.66
05/01/2020,377.45,357.13
04/30/2020,367.56,350.16
04/29/2020,357.38,339.91
04/28/2020,330.82,320.88
04/27/2020,311.84,298.78
04/24/2020,293.37,279.02
04/23/2020,284.29,272.89
04/22/2020,275.75,261.02
04/21/2020,259.85,248.82
04/20/2020,248.38,237.99
04/17/2020,238.99,227.20
04/16/2020,235.87,225.98
04/15/2020,230.53,222.22
04/14/2020,226.67,215.77
04/13/2020,225.86,211.40
04/10/2020,223.93,208.33
04/09/2020,222.67,207.57
04/08/2020,222.34,211.77
04/07/2020,227.88,217.75
04/06/2020,230.05,215.03
04/03/2020,230.44,215.84
04/02/2020,232.64,222.12
04/01/2020,235.17,225.13
03/31/2020,243.15,228.96
03/30/2020,250.97,238.14
03/27/2020,252.84,242.38
03/26/2020,253.57,242.17
03/25/2020,255.30,243.09
03/24/2020,256.31,245.48
03/23/2020,257.32,245.14
03/20/2020,253.75,240.17
03/19/2020,249.87,241.06
03/18/2020,247.24,238.50
03/17/2020,239.93,229.32
03/16/2020,224.36,216.71
03/13/2020,208.14,201.98
03/12/2020,206.01,197.88
03/11/2020,207.17,196.49
03/10/2020,207.09,198.71
03/09/2020,207.36,202.32
03/06/2020,207.47,202.57
03/05/2020,207.25,201.06
03/04/2020,206.82,201.51
03/03/2020,206.62,202.70
03/02/2020,206.53,201.16
02/28/2020,205.30,198.91
02/27/2020,205.54,199.69
02/26/2020,206.34,198.60
02/25/2020,207.47,199.90
02/24/2020,207.07,202.37
02/21/2020,205.09,201.70
02/20/2020,204.50,201.60
02/19/2020,205.57,201.76
02/18/2020,206.13,203.73
02/17/2020,207.26,206.18
02/14/2020,208.09,205.71
02/13/2020,206.45,203.79
02/12/2020,206.31,205.30
02/11/2020,207.83,204.53
02/10/2020,208.91,203.70
02/07/2020,210.12,203.89
02/06/2020,210.93,205.96
02/05/2020,210.72,207.94
02/04/2020,210.93,207.51
02/03/2020,211.56,207.42
01/31/2020,213.00,210.66
01/30/2020,213.35,211.48
01/29/2020,213.52,211.93
01/28/2020,212.85,212.16
01/27/2020,213.59,210.50
01/24/2020,214.49,210.70
01/23/2020,215.32,211.20
01/22/2020,214.96,212.02
01/21/2020,214.51,213.47
01/20/2020,214.64,213.48
01/17/2020,214.17,212.75
01/16/2020,212.90,211.47
01/15/2020,212.53,209.67
01/14/2020,212.76,210.30
01/13/2020,210.55,208.23
01/10/2020,210.04,206.55
01/09/2020,209.96,206.68
01/08/2020,209.50,206.53
01/07/2020,209.56,206.82
01/06/2020,209.65,206.80
01/03/2020,208.49,205.39
01/02/2020,208.25,202.63
12/31/2019,209.42,202.12
12/30/2019,209.66,205.41
12/27/2019,208.96,204.57
12/26/2019,210.15,205.25
12/23/2019,211.57,204.64
12/20/2019,209.70,201.03
12/19/2019,208.99,200.99
12/18/2019,209.57,201.57
12/17/2019,212.81,203.47
12/16/2019,217.08,205.51
12/13/2019,216.29,204.24
12/12/2019,215.65,202.56
12/11/2019,218.65,203.72
12/10/2019,221.49,205.35
12/09/2019,223.64,206.49
12/06/2019,224.56,207.30
12/05/2019,225.60,208.12
12/04/2019,226.95,210.31
12/03/2019,230.15,212.31
12/02/2019,232.61,212.98
11/29/2019,232.12,210.34
11/27/2019,232.24,210.64
11/26/2019,231.84,212.29
11/25/2019,233.24,211.91
11/22/2019,232.57,211.32
11/21/2019,234.86,213.86
11/20/2019,238.21,214.77
11/19/2019,239.01,215.47
11/18/2019,239.12,215.59
11/15/2019,240.80,214.33
11/14/2019,241.06,215.84
11/13/2019,242.34,217.53
11/12/2019,240.50,216.23
11/11/2019,238.59,213.69
11/08/2019,239.12,213.26
11/07/2019,238.29,213.02
11/06/2019,237.14,211.53
11/05/2019,236.05,209.82
11/04/2019,234.81,210.38
11/01/2019,233.20,207.51
10/31/2019,232.18,206.49
10/30/2019,230.05,206.67
10/29/2019,230.55,203.57
10/28/2019,227.90,200.76
10/25/2019,225.44,199.84
10/24/2019,225.62,199.09
10/23/2019,223.28,198.94
10/22/2019,220.93,198.08
10/21/2019,220.13,194.44
10/18/2019,218.04,193.04
10/17/2019,218.11,192.60
10/16/2019,218.28,191.37
10/15/2019,218.02,191.48
10/14/2019,217.22,189.33
10/11/2019,215.66,188.68
10/10/2019,215.63,186.66
10/09/2019,214.60,186.12
10/08/2019,213.60,187.06
10/07/2019,211.09,185.91
10/04/2019,211.96,186.92
10/03/2019,212.06,187.21
10/02/2019,212.97,185.90
10/01/2019,213.47,186.05
09/30/2019,212.44,187.11
09/27/2019,212.58,189.86
09/26/2019,213.51,190.39
09/25/2019,214.63,189.83
09/24/2019,215.39,189.66
09/23/2019,216.45,190.84
09/20/2019,216.97,191.72
09/19/2019,218.17,192.16
09/18/2019,218.24,191.97
09/17/2019,219.77,193.91
09/16/2019,220.62,196.57
09/13/2019,220.88,198.60
09/12/2019,219.97,198.60
09/11/2019,219.89,198.40
09/10/2019,225.38,200.98
09/09/2019,226.95,201.92
09/06/2019,227.31,201.94
09/05/2019,229.42,204.47
09/04/2019,230.65,208.95
09/03/2019,230.66,211.62
08/30/2019,231.77,212.27
08/29/2019,232.19,212.78
08/28/2019,232.96,211.81
08/27/2019,236.76,210.71
08/26/2019,238.06,211.66
08/23/2019,237.52,212.71
08/22/2019,239.28,215.91
08/21/2019,241.74,215.70
08/20/2019,241.70,214.27
08/19/2019,239.13,214.52
08/16/2019,238.69,213.26
08/15/2019,236.12,210.67
08/14/2019,232.34,205.92
08/13/2019,226.36,200.58
08/12/2019,218.62,197.79
08/09/2019,216.37,193.81
08/08/2019,216.88,192.37
08/07/2019,216.49,192.71
08/06/2019,215.78,192.65
08/05/2019,214.70,191.67
08/02/2019,214.73,190.63
08/01/2019,214.24,189.34
07/31/2019,213.54,189.69
07/30/2019,214.03,191.13
07/29/2019,213.26,189.76
07/26/2019,212.17,188.34
07/25/2019,212.57,189.18
07/24/2019,213.60,189.42
07/23/2019,213.78,189.71
07/22/2019,213.32,189.59
07/19/2019,213.42,189.51
07/18/2019,213.34,188.61
07/17/2019,212.57,188.34
07/16/2019,212.93,189.16
07/15/2019,213.27,189.21
07/12/2019,212.80,189.60
07/11/2019,213.77,190.79
07/10/2019,214.42,190.89
07/09/2019,214.73,192.09
07/08/2019,217.46,194.41
07/05/2019,217.67,194.80
07/03/2019,219.25,195.36
07/02/2019,220.47,195.99
07/01/2019,219.72,195.64
06/28/2019,219.66,195.56
06/27/2019,219.03,196.90
06/26/2019,219.70,198.56
06/25/2019,219.64,198.95
06/24/2019,219.74,199.81
06/21/2019,219.82,199.55
06/20/2019,220.72,201.48
06/19/2019,221.59,202.24
06/18/2019,220.53,201.80
06/17/2019,221.82,202.51
06/14/2019,222.23,202.76
06/13/2019,222.10,204.71
06/12/2019,222.15,206.73
06/11/2019,222.39,208.25
06/10/2019,221.66,208.79
06/07/2019,222.31,206.92
06/06/2019,222.25,207.16
06/05/2019,222.11,207.18
06/04/2019,223.00,207.21
06/03/2019,223.20,206.87
05/31/2019,223.21,207.69
05/30/2019,223.58,208.87
05/29/2019,223.53,209.99
05/28/2019,223.29,210.45
05/24/2019,221.64,208.47
05/23/2019,220.79,206.53
05/22/2019,219.75,205.81
05/21/2019,219.58,206.58
05/20/2019,221.45,208.03
05/17/2019,220.31,208.28
05/16/2019,219.56,207.88
05/15/2019,219.57,208.04
05/14/2019,220.12,208.97
05/13/2019,221.58,208.89
05/10/2019,221.11,207.46
05/09/2019,222.47,207.08
05/08/2019,223.01,207.49
05/07/2019,223.87,211.83
05/06/2019,227.00,213.98
05/03/2019,227.36,213.29
05/02/2019,228.80,215.08
05/01/2019,230.22,217.50
04/30/2019,231.84,218.21
04/29/2019,233.14,217.72
04/26/2019,232.99,219.41
04/25/2019,232.93,219.75
04/24/2019,232.96,220.28
04/23/2019,234.11,221.26
04/22/2019,234.48,222.64
04/19/2019,233.65,220.49
04/18/2019,233.06,219.46
04/17/2019,232.76,220.16
04/16/2019,232.05,221.15
04/15/2019,230.98,221.22
04/12/2019,228.75,221.02
04/11/2019,228.83,219.95
04/10/2019,229.05,219.62
04/09/2019,228.32,218.80
04/08/2019,228.67,220.88
04/05/2019,226.93,220.28
04/04/2019,226.74,218.36
04/03/2019,226.14,218.97
04/02/2019,225.73,218.49
04/01/2019,226.84,219.33
03/29/2019,226.04,218.89
03/28/2019,227.44,219.52
03/27/2019,228.99,220.53
03/26/2019,229.51,218.99
03/25/2019,229.00,218.73
03/22/2019,229.09,218.64
03/21/2019,229.31,218.37
03/20/2019,228.67,218.63
03/19/2019,229.33,219.46
03/18/2019,228.33,218.21
03/15/2019,226.99,217.34
03/14/2019,227.70,218.76
03/13/2019,228.24,219.28
03/12/2019,228.22,220.35
03/11/2019,227.36,219.63
03/08/2019,226.13,218.78
03/07/2019,226.04,218.54
03/06/2019,224.93,218.37
03/05/2019,224.04,217.79
03/04/2019,223.55,217.21
03/01/2019,221.29,216.79
02/28/2019,219.95,215.27
02/27/2019,219.46,212.79
02/26/2019,219.67,213.73
02/25/2019,219.55,214.57
02/22/2019,219.39,212.35
02/21/2019,218.07,211.41
02/20/2019,216.49,211.50
02/19/2019,217.27,213.54
02/18/2019,217.39,213.00
02/15/2019,216.85,210.99
02/14/2019,216.07,210.41
02/13/2019,216.44,212.01
02/12/2019,217.16,213.00
02/11/2019,216.88,213.86
02/08/2019,215.35,211.17
02/07/2019,216.71,211.53
02/06/2019,217.57,212.37
02/05/2019,217.02,213.10
02/04/2019,217.65,213.41
02/01/2019,214.26,213.15
01/31/2019,215.39,212.88
01/30/2019,218.05,213.00
01/29/2019,218.13,212.57
01/28/2019,217.40,211.61
01/25/2019,217.01,212.03
01/24/2019,217.75,212.14
01/23/2019,217.21,212.04
01/22/2019,216.34,211.72
01/21/2019,215.26,210.86
01/18/2019,213.15,209.45
01/17/2019,212.50,207.64
01/16/2019,211.93,206.94
01/15/2019,212.21,205.87
01/14/2019,212.02,205.46
01/11/2019,212.46,206.27
01/10/2019,213.96,207.77
01/09/2019,213.84,206.47
01/08/2019,213.98,207.26
01/07/2019,214.28,208.21
01/04/2019,214.51,207.66
01/03/2019,216.49,209.38
01/02/2019,216.64,210.91
12/31/2018,215.35,210.66
12/28/2018,214.41,207.52
12/27/2018,215.30,207.22
12/26/2018,215.69,207.60
12/21/2018,214.05,207.50
12/20/2018,212.47,205.26
12/19/2018,211.70,204.85
12/18/2018,212.68,204.73
12/17/2018,212.67,203.76
12/14/2018,210.96,203.14
12/13/2018,212.47,201.00
12/12/2018,212.25,201.57
12/11/2018,214.46,201.39
12/10/2018,215.42,200.94
12/07/2018,214.29,200.50
12/06/2018,212.67,198.22
12/05/2018,213.26,196.86
12/04/2018,213.86,197.51
12/03/2018,213.08,199.18
11/30/2018,212.61,198.41
11/29/2018,212.61,198.53
11/28/2018,213.28,198.50
11/27/2018,214.00,200.24
11/26/2018,214.45,199.79
11/23/2018,213.85,198.51
11/21/2018,213.69,198.26
11/20/2018,214.09,198.43
11/19/2018,213.39,198.57
11/16/2018,212.91,197.57
11/15/2018,213.55,197.58
11/14/2018,213.16,197.18
11/13/2018,214.08,198.98
11/12/2018,215.55,200.39
11/09/2018,215.20,198.72
11/08/2018,216.07,199.11
11/07/2018,218.22,201.77
11/06/2018,218.76,204.66
11/05/2018,218.59,202.35
11/02/2018,218.50,201.47
11/01/2018,218.55,204.25
10/31/2018,216.93,204.03
10/30/2018,215.60,202.88
10/29/2018,213.76,201.11
10/26/2018,213.47,198.83
10/25/2018,213.10,198.31
10/24/2018,211.39,197.82
10/23/2018,210.28,196.86
10/22/2018,209.28,197.66
10/19/2018,207.93,194.24
10/18/2018,206.82,192.35
10/17/2018,204.56,191.19
10/16/2018,204.61,192.55
10/15/2018,204.80,191.89
10/12/2018,202.71,192.28
10/11/2018,202.51,192.49
10/10/2018,202.11,191.77
10/09/2018,202.85,192.72
10/08/2018,203.21,191.81
10/05/2018,203.25,191.74
10/04/2018,203.86,191.98
10/03/2018,204.42,192.30
10/02/2018,204.89,193.98
10/01/2018,205.08,194.63
09/28/2018,203.88,193.44
09/27/2018,204.71,192.56
09/26/2018,204.85,192.95
09/25/2018,205.73,194.87
09/24/2018,206.16,195.39
09/21/2018,204.80,194.71
09/20/2018,204.52,194.91
09/19/2018,204.25,194.18
09/18/2018,205.29,195.47
09/17/2018,206.04,197.38
09/14/2018,204.27,196.47
09/13/2018,204.04,197.24
09/12/2018,204.79,197.27
09/11/2018,206.07,198.31
09/10/2018,206.30,198.93
09/07/2018,206.56,197.09
09/06/2018,208.75,197.83
09/05/2018,210.40,200.91
09/04/2018,210.82,202.21
08/31/2018,209.69,201.27
08/30/2018,211.73,202.21
08/29/2018,212.68,203.55
08/28/2018,212.40,204.28
08/27/2018,213.63,204.85
08/24/2018,213.32,203.82
08/23/2018,214.37,203.99
08/22/2018,214.04,203.97
08/21/2018,213.57,204.08
08/20/2018,213.98,202.29
08/17/2018,211.38,200.92
08/16/2018,209.10,201.46
08/15/2018,209.95,200.61
08/14/2018,209.64,201.27
08/13/2018,208.43,199.66
08/10/2018,206.61,197.77
08/09/2018,206.06,198.09
08/08/2018,205.73,198.86
08/07/2018,205.49,198.51
08/06/2018,205.68,198.33
08/03/2018,204.75,197.09
08/02/2018,203.80,197.10
08/01/2018,203.75,197.58
07/31/2018,204.27,198.38
07/30/2018,204.72,197.98
07/27/2018,205.14,198.27
07/26/2018,204.91,198.27
07/25/2018,204.64,197.58
07/24/2018,204.65,197.95
07/23/2018,204.82,198.03
07/20/2018,204.17,197.00
07/19/2018,204.49,196.92
07/18/2018,204.80,197.09
07/17/2018,204.39,196.86
07/16/2018,203.76,195.67
07/13/2018,204.14,196.37
07/12/2018,206.58,197.01
07/11/2018,207.44,197.14
07/10/2018,207.32,198.39
07/09/2018,206.92,198.62
07/06/2018,208.03,198.71
07/05/2018,208.43,198.70
07/03/2018,210.26,199.71
07/02/2018,211.88,198.77
06/29/2018,211.96,198.57
06/28/2018,213.24,200.66
06/27/2018,215.30,200.88
06/26/2018,216.83,201.57
06/25/2018,217.69,201.89
06/22/2018,217.16,202.02
06/21/2018,217.41,201.61
06/20/2018,218.29,201.05
06/19/2018,219.70,202.30
06/18/2018,220.71,204.20
06/15/2018,221.59,202.73
06/14/2018,222.08,201.97
06/13/2018,223.90,202.30
06/12/2018,224.92,203.39
06/11/2018,225.13,202.80
06/08/2018,226.21,203.18
06/07/2018,226.41,203.41
06/06/2018,226.97,203.65
06/05/2018,227.58,205.85
06/04/2018,227.57,206.25
06/01/2018,227.53,204.80
05/31/2018,228.20,204.47
05/30/2018,228.68,204.38
05/29/2018,227.56,203.65
05/25/2018,227.43,204.62
05/24/2018,229.00,204.93
05/23/2018,230.08,205.04
05/22/2018,229.35,205.86
05/21/2018,230.82,207.52
05/18/2018,232.21,208.46
05/17/2018,232.68,208.24
05/16/2018,231.03,208.50
05/15/2018,231.64,209.51
05/14/2018,232.12,209.12
05/11/2018,230.97,208.69
05/10/2018,231.07,209.14
05/09/2018,230.96,208.95
05/08/2018,230.93,209.93
05/07/2018,229.14,211.20
05/04/2018,228.30,209.49
05/03/2018,227.56,209.17
05/02/2018,227.30,207.88
05/01/2018,226.43,207.09
04/30/2018,224.42,204.79
04/27/2018,221.74,204.32
04/26/2018,220.15,204.48
04/25/2018,218.53,203.15
04/24/2018,217.65,202.11
04/23/2018,215.11,201.72
04/20/2018,211.98,200.13
04/19/2018,211.34,198.48
04/18/2018,211.64,198.57
04/17/2018,212.13,199.58
04/16/2018,211.79,199.98
04/13/2018,212.61,199.91
04/12/2018,212.48,200.67
04/11/2018,213.07,200.61
04/10/2018,213.51,201.33
04/09/2018,215.04,203.14
04/06/2018,214.31,205.60
04/05/2018,215.09,206.31
04/04/2018,218.17,206.18
04/03/2018,219.68,209.33
04/02/2018,219.80,210.50
03/30/2018,221.04,208.69
03/29/2018,221.00,209.68
03/28/2018,221.62,211.63
03/27/2018,222.40,214.24
03/26/2018,222.53,215.46
03/23/2018,223.09,216.40
03/22/2018,225.21,218.02
03/21/2018,224.38,216.39
03/20/2018,223.35,216.74
03/19/2018,224.87,217.29
03/16/2018,225.59,216.86
03/15/2018,224.99,216.31
03/14/2018,224.11,217.01
03/13/2018,223.73,216.75
03/12/2018,223.90,217.49
03/09/2018,224.14,217.26
03/08/2018,223.88,216.78
03/07/2018,223.57,215.20
03/06/2018,223.35,215.20
03/05/2018,223.23,214.84
03/02/2018,222.52,214.64
03/01/2018,222.30,215.60
02/28/2018,221.03,215.10
02/27/2018,220.52,214.79
02/26/2018,219.52,214.72
02/23/2018,218.37,212.82
02/22/2018,218.40,212.06
02/21/2018,217.37,211.92
02/20/2018,215.92,210.40
02/19/2018,212.57,207.43
02/16/2018,209.88,205.12
02/15/2018,209.04,205.14
02/14/2018,207.81,203.51
02/13/2018,207.36,203.13
02/12/2018,208.24,203.97
02/09/2018,206.52,202.74
02/08/2018,208.53,203.79
02/07/2018,209.37,203.14
02/06/2018,208.43,202.73
02/05/2018,209.43,204.16
02/02/2018,209.10,203.45
02/01/2018,209.60,204.54
01/31/2018,210.06,204.32
01/30/2018,209.69,204.37
01/29/2018,209.11,204.13
01/26/2018,206.83,201.83
01/25/2018,206.77,201.32
01/24/2018,207.99,200.85
01/23/2018,206.85,200.16
01/22/2018,205.07,199.52
01/19/2018,204.86,200.16
01/18/2018,205.69,200.87
01/17/2018,205.30,199.61
01/16/2018,205.58,199.89
01/15/2018,208.03,202.04
01/12/2018,208.23,201.64
01/11/2018,209.07,202.95
01/10/2018,210.06,203.23
01/09/2018,210.49,203.69
01/08/2018,210.20,203.37
01/05/2018,209.51,202.32
01/04/2018,208.67,200.86
01/03/2018,208.62,199.16
01/02/2018,205.14,196.57
12/29/2017,202.90,192.98
12/28/2017,202.28,190.91
12/27/2017,201.60,190.42
12/26/2017,202.60,190.83
12/22/2017,199.56,187.88
12/21/2017,198.12,186.87
12/20/2017,198.09,185.49
12/19/2017,201.76,184.32
12/18/2017,203.15,185.01
12/15/2017,201.87,183.25
12/14/2017,201.04,183.69
12/13/2017,202.48,185.02
12/12/2017,204.06,185.92
12/11/2017,205.53,185.66
12/08/2017,205.59,185.97
12/07/2017,205.08,183.83
12/06/2017,206.40,184.11
12/05/2017,209.08,186.63
12/04/2017,208.19,185.54
12/01/2017,205.99,183.61
11/30/2017,204.64,184.21
11/29/2017,206.55,185.84
11/28/2017,208.63,187.20
11/27/2017,209.57,187.28
11/24/2017,210.99,187.85
11/22/2017,209.01,188.64
11/21/2017,208.63,188.65
11/20/2017,206.18,188.05
11/17/2017,207.24,187.85
11/16/2017,210.24,187.83
11/15/2017,210.13,190.61
11/14/2017,210.67,193.49
11/13/2017,212.81,193.83
11/10/2017,213.85,194.51
11/09/2017,212.74,198.30
11/08/2017,213.13,198.89
11/07/2017,212.64,197.76
11/06/2017,210.57,194.77
11/03/2017,208.74,193.08
11/02/2017,208.25,193.16
11/01/2017,207.39,193.71
10/31/2017,206.44,193.90
10/30/2017,203.32,193.64
10/27/2017,203.30,192.48
10/26/2017,202.37,191.91
10/25/2017,200.21,192.39
10/24/2017,200.13,192.69
10/23/2017,199.25,191.05
10/20/2017,199.86,191.14
10/19/2017,199.57,190.76
10/18/2017,197.26,189.09
10/17/2017,197.66,189.85
10/16/2017,198.81,190.57
10/13/2017,198.22,190.05
10/12/2017,197.44,189.45
10/11/2017,196.32,188.76
10/10/2017,197.40,190.02
10/09/2017,198.13,188.66
10/06/2017,197.22,187.23
10/05/2017,197.25,188.78
10/04/2017,197.41,189.55
10/03/2017,197.87,189.02
10/02/2017,197.22,188.28
09/29/2017,196.62,188.50
09/28/2017,196.41,189.11
09/27/2017,195.30,189.91
09/26/2017,196.78,193.11
09/25/2017,193.96,190.89
09/22/2017,191.60,188.73
09/21/2017,191.51,188.41
09/20/2017,192.04,188.52
09/19/2017,192.11,188.83
09/18/2017,192.62,187.70
09/15/2017,191.42,185.85
09/14/2017,191.00,186.72
09/13/2017,190.40,188.69
09/12/2017,190.79,190.86
09/11/2017,191.56,190.38
09/08/2017,191.88,189.97
09/07/2017,192.13,190.16
09/06/2017,192.93,190.67
09/05/2017,192.45,190.47
09/01/2017,191.35,190.65
08/31/2017,191.91,191.34
08/30/2017,191.72,191.12
08/29/2017,191.77,190.79
08/28/2017,191.50,188.62
08/25/2017,191.32,188.30
08/24/2017,191.75,188.66
08/23/2017,192.33,189.47
08/22/2017,193.03,190.89
08/21/2017,193.09,191.62
08/18/2017,194.29,192.50
08/17/2017,195.63,194.20
08/16/2017,197.51,195.04
08/15/2017,198.95,195.87
08/14/2017,198.92,196.44
08/11/2017,199.60,196.12
08/10/2017,200.63,196.19
08/09/2017,201.66,196.61
08/08/2017,202.25,196.86
08/07/2017,202.72,197.00
08/04/2017,203.61,197.31
08/03/2017,205.16,197.78
08/02/2017,205.06,197.42
08/01/2017,205.41,198.29
07/31/2017,205.75,197.84
07/28/2017,206.22,196.82
07/27/2017,206.43,196.66
07/26/2017,207.07,197.87
07/25/2017,207.62,198.93
07/24/2017,207.46,197.89
07/21/2017,206.91,194.80
07/20/2017,207.65,195.58
07/19/2017,207.73,195.49
07/18/2017,208.05,195.25
07/17/2017,209.05,195.81
07/14/2017,209.35,195.42
07/13/2017,209.85,197.26
07/12/2017,212.69,198.73
07/11/2017,215.24,200.51
07/10/2017,217.54,202.67
07/07/2017,218.84,202.51
07/06/2017,220.05,203.76
07/05/2017,222.58,205.32
07/03/2017,222.89,207.45
06/30/2017,224.73,208.42
06/29/2017,226.55,210.16
06/28/2017,229.43,212.67
06/27/2017,233.91,215.26
06/26/2017,238.57,217.66
06/23/2017,239.75,216.72
06/22/2017,242.88,216.92
06/21/2017,245.42,218.90
06/20/2017,246.99,219.88
06/19/2017,249.46,221.36
06/16/2017,249.84,219.80
06/15/2017,249.74,220.53
06/14/2017,251.03,220.66
06/13/2017,251.19,221.45
06/12/2017,252.52,221.77
06/09/2017,251.21,220.29
06/08/2017,250.39,220.01
06/07/2017,250.71,219.90
06/06/2017,250.45,219.57
06/05/2017,248.35,219.44
06/02/2017,245.24,218.06
06/01/2017,245.58,217.22
05/31/2017,245.54,218.18
05/30/2017,245.25,219.45
05/26/2017,245.60,218.45
05/25/2017,246.11,218.98
05/24/2017,246.08,219.60
05/23/2017,245.74,221.17
05/22/2017,247.88,222.83
05/19/2017,247.14,221.42
05/18/2017,247.21,221.66
05/17/2017,248.17,221.93
05/16/2017,249.88,224.39
05/15/2017,249.40,225.50
05/12/2017,247.69,225.51
05/11/2017,246.86,226.66
05/10/2017,244.58,224.62
05/09/2017,242.16,223.03
05/08/2017,241.44,222.89
05/05/2017,238.87,219.57
05/04/2017,235.58,216.84
05/03/2017,232.59,214.89
05/02/2017,229.45,213.28
05/01/2017,226.27,209.45
04/28/2017,221.78,207.68
04/27/2017,219.15,206.68
04/26/2017,219.18,205.72
04/25/2017,219.01,206.27
04/24/2017,218.67,204.29
04/21/2017,217.16,203.89
04/20/2017,215.72,203.57
04/19/2017,215.17,202.00
04/18/2017,215.99,202.20
04/17/2017,214.13,200.78
04/14/2017,212.08,199.48
04/13/2017,210.67,198.76
04/12/2017,210.13,198.64
04/11/2017,209.37,199.60
04/10/2017,207.46,196.60
04/07/2017,207.22,197.49
04/06/2017,207.90,200.28
04/05/2017,209.71,200.51
04/04/2017,211.69,200.39
04/03/2017,213.43,201.35
03/31/2017,214.12,204.00
03/30/2017,215.21,208.05
03/29/2017,216.92,210.26
03/28/2017,219.57,213.02
03/27/2017,219.91,213.62
03/24/2017,221.62,215.55
03/23/2017,222.28,215.77
03/22/2017,223.00,215.80
03/21/2017,224.93,215.41
03/20/2017,223.76,213.97
03/17/2017,223.43,214.48
03/16/2017,222.36,213.87
03/15/2017,221.32,213.14
03/14/2017,220.14,213.89
03/13/2017,220.55,212.33
03/10/2017,219.83,210.99
03/09/2017,215.56,209.00
03/08/2017,213.61,207.29
03/07/2017,212.00,205.05
03/06/2017,209.60,203.96
03/03/2017,208.07,204.05
03/02/2017,208.35,203.72
03/01/2017,206.68,202.87
02/28/2017,204.73,201.35
02/27/2017,201.48,197.08
02/24/2017,198.96,195.48
02/23/2017,196.19,192.83
02/22/2017,194.53,190.81
02/21/2017,191.81,189.81
02/20/2017,190.91,190.40
02/17/2017,190.49,189.24
02/16/2017,189.22,188.19
02/15/2017,188.34,187.15
02/14/2017,188.36,187.25
02/13/2017,188.26,186.58
02/10/2017,187.63,185.65
02/09/2017,188.71,185.82
02/08/2017,189.43,186.49
02/07/2017,189.96,187.78
02/06/2017,191.23,190.65
02/03/2017,191.40,189.93
02/02/2017,193.01,190.62
02/01/2017,193.75,190.85
01/31/2017,192.87,188.93
01/30/2017,193.35,188.93
01/27/2017,192.70,188.94
01/26/2017,193.00,189.74
01/25/2017,191.25,189.16
01/24/2017,191.74,188.17
01/23/2017,191.77,186.83
01/20/2017,190.42,186.64
01/19/2017,191.60,187.49
01/18/2017,193.22,188.06
01/17/2017,191.62,187.23
01/16/2017,191.39,187.46
01/13/2017,190.80,186.54
01/12/2017,189.10,186.55
01/11/2017,189.39,187.95
01/10/2017,193.38,189.97
01/09/2017,197.35,191.94
01/06/2017,198.81,193.22
01/05/2017,201.55,193.39
01/04/2017,203.65,194.30
01/03/2017,203.33,193.57
12/30/2016,203.33,192.84
12/29/2016,203.47,193.89
12/28/2016,201.84,193.15
12/27/2016,198.54,191.27
12/23/2016,198.27,187.44
12/22/2016,197.61,186.17
12/21/2016,197.25,185.90
12/20/2016,197.63,183.67
12/19/2016,195.39,183.05
12/16/2016,194.63,181.09
12/15/2016,193.46,178.54
12/14/2016,190.88,176.37
12/13/2016,191.73,175.34
12/12/2016,189.56,173.95
12/09/2016,188.94,171.68
12/08/2016,189.48,171.42
12/07/2016,188.94,171.72
12/06/2016,190.51,173.23
12/05/2016,191.39,173.23
12/02/2016,189.72,172.70
12/01/2016,190.51,172.93
11/30/2016,189.95,172.77
11/29/2016,189.56,172.88
11/28/2016,188.00,172.75
11/25/2016,187.64,171.30
11/23/2016,186.64,170.12
11/22/2016,185.22,169.17
11/21/2016,185.68,168.73
11/18/2016,182.95,167.01
11/17/2016,182.31,167.10
11/16/2016,182.60,167.70
11/15/2016,183.11,168.63
11/14/2016,183.92,167.72
11/11/2016,184.62,167.71
11/10/2016,185.59,168.67
11/09/2016,184.55,170.45
11/08/2016,185.34,171.94
11/07/2016,187.27,172.32
11/04/2016,188.70,173.03
11/03/2016,188.74,173.87
11/02/2016,187.44,173.93
11/01/2016,185.53,173.32
10/31/2016,184.76,173.01
10/28/2016,183.11,170.16
10/27/2016,181.54,168.81
10/26/2016,182.31,168.45
10/25/2016,182.07,168.92
10/24/2016,180.98,167.17
10/21/2016,179.78,166.73
10/20/2016,177.89,167.74
10/19/2016,178.44,169.59
10/18/2016,181.30,172.13
10/17/2016,182.55,171.45
10/14/2016,181.86,172.04
10/13/2016,181.60,172.61
10/12/2016,181.50,172.18
10/11/2016,183.18,172.75
10/10/2016,184.00,174.86
10/07/2016,183.07,174.51
10/06/2016,183.48,175.06
10/05/2016,184.10,176.26
10/04/2016,186.34,177.48
10/03/2016,186.62,176.99
09/30/2016,187.35,177.87
09/29/2016,189.77,178.94
09/28/2016,190.75,179.94
09/27/2016,188.22,179.58
09/26/2016,187.04,179.65
09/23/2016,186.81,178.81
09/22/2016,187.37,179.62
09/21/2016,187.17,179.78
09/20/2016,185.50,179.95
09/19/2016,185.55,179.17
09/16/2016,186.20,178.38
09/15/2016,186.27,178.83
09/14/2016,185.80,180.32
09/13/2016,186.62,181.30
09/12/2016,187.53,181.22
09/09/2016,187.90,182.27
09/08/2016,189.14,182.63
09/07/2016,190.65,183.66
09/06/2016,190.28,186.53
09/02/2016,191.09,187.07
09/01/2016,195.74,188.49
08/31/2016,196.49,189.71
08/30/2016,196.62,191.17
08/29/2016,198.42,192.34
08/26/2016,199.48,193.57
08/25/2016,200.36,194.15
08/24/2016,200.32,193.73
08/23/2016,200.39,193.66
08/22/2016,201.14,193.87
08/19/2016,200.07,193.60
08/18/2016,200.86,194.13
08/17/2016,201.75,193.13
08/16/2016,201.84,192.67
08/15/2016,201.67,194.18
08/12/2016,201.19,193.62
08/11/2016,201.58,192.82
08/10/2016,200.87,192.05
08/09/2016,199.89,192.06
08/08/2016,199.17,191.84
08/05/2016,199.00,190.20
08/04/2016,199.26,190.85
08/03/2016,199.20,191.66
08/02/2016,198.40,191.46
08/01/2016,197.70,190.22
07/29/2016,197.57,189.60
07/28/2016,198.76,189.71
07/27/2016,199.08,190.05
07/26/2016,199.93,190.82
07/25/2016,198.59,189.44
07/22/2016,200.09,189.57
07/21/2016,200.70,189.82
07/20/2016,201.31,191.01
07/19/2016,202.28,192.36
07/18/2016,202.57,191.11
07/15/2016,204.71,192.38
07/14/2016,205.00,193.06
07/13/2016,205.19,195.51
07/12/2016,206.38,196.04
07/11/2016,208.70,195.40
07/08/2016,209.35,196.28
07/07/2016,210.05,196.98
07/06/2016,209.08,196.93
07/05/2016,208.83,194.79
07/01/2016,208.73,193.73
06/30/2016,208.44,195.01
06/29/2016,208.57,195.88
06/28/2016,208.04,196.44
06/27/2016,210.60,197.39
06/24/2016,213.86,197.83
06/23/2016,215.46,198.34
06/22/2016,217.08,198.35
06/21/2016,218.15,198.21
06/20/2016,219.57,199.38
06/17/2016,221.83,199.61
06/16/2016,223.48,202.75
06/15/2016,226.42,204.26
06/14/2016,228.34,204.07
06/13/2016,227.56,201.99
06/10/2016,227.67,204.30
06/09/2016,226.85,202.84
06/08/2016,225.10,200.55
06/07/2016,224.27,201.16
06/06/2016,224.10,200.08
06/03/2016,222.61,198.36
06/02/2016,223.28,201.41
06/01/2016,222.35,201.17
05/31/2016,221.34,201.37
05/27/2016,222.07,201.57
05/26/2016,222.72,203.26
05/25/2016,223.57,205.08
05/24/2016,223.27,206.82
05/23/2016,224.32,207.15
05/20/2016,225.96,208.42
05/19/2016,227.16,211.15
05/18/2016,227.76,212.20
05/17/2016,225.33,211.60
05/16/2016,222.40,208.54
05/13/2016,218.56,205.95
05/12/2016,214.46,205.24
05/11/2016,213.71,202.99
05/10/2016,210.70,199.49
05/09/2016,207.57,194.94
05/06/2016,203.74,194.32
05/05/2016,204.42,195.50
05/04/2016,204.74,195.65
05/03/2016,205.94,197.02
05/02/2016,209.77,199.96
04/29/2016,211.45,202.27
04/28/2016,212.50,203.09
04/27/2016,214.81,205.59
04/26/2016,218.57,210.38
04/25/2016,220.21,210.23
04/22/2016,220.31,210.69
04/21/2016,220.72,212.77
04/20/2016,222.77,212.96
04/19/2016,222.68,213.94
04/18/2016,224.88,215.98
04/15/2016,225.13,215.73
04/14/2016,224.43,214.83
04/13/2016,222.21,212.53
04/12/2016,219.31,209.64
04/11/2016,216.45,207.05
04/08/2016,214.80,205.25
04/07/2016,214.62,205.79
04/06/2016,216.41,207.43
04/05/2016,217.70,209.20
04/04/2016,217.51,206.23
04/01/2016,219.11,206.93
03/31/2016,220.99,210.48
03/30/2016,221.87,212.68
03/29/2016,225.06,216.84
03/28/2016,225.28,217.63
03/25/2016,224.36,214.89
03/24/2016,224.84,217.31
03/23/2016,226.18,218.15
03/22/2016,227.91,218.00
03/21/2016,229.80,220.67
03/18/2016,231.81,222.33
03/17/2016,234.64,222.97
03/16/2016,233.92,223.68
03/15/2016,231.01,221.58
03/14/2016,227.47,217.49
03/11/2016,224.05,215.12
03/10/2016,225.24,213.85
03/09/2016,223.82,213.64
03/08/2016,220.25,214.55
03/07/2016,221.42,213.74
03/04/2016,220.97,211.99
03/03/2016,219.75,211.64
03/02/2016,220.05,211.93
03/01/2016,218.15,212.97
02/29/2016,217.16,212.84
02/26/2016,217.67,211.99
02/25/2016,218.76,213.98
02/24/2016,217.72,213.72
02/23/2016,215.14,212.30
02/22/2016,213.28,209.80
02/19/2016,211.66,208.15
02/18/2016,213.39,209.27
02/17/2016,214.35,207.63
02/16/2016,214.49,209.07
02/15/2016,215.29,212.70
02/12/2016,216.08,212.53
02/11/2016,217.02,214.27
02/10/2016,218.19,213.62
02/09/2016,218.03,213.60
02/08/2016,218.81,216.58
02/05/2016,220.60,216.51
02/04/2016,223.03,218.48
02/03/2016,222.57,218.02
02/02/2016,222.47,217.63
02/01/2016,220.52,215.66
01/29/2016,218.76,217.13
01/28/2016,220.12,215.43
01/27/2016,221.33,215.02
01/26/2016,223.01,216.42
01/25/2016,223.79,218.94
01/22/2016,224.83,220.68
01/21/2016,227.67,223.08
01/20/2016,229.95,224.14
01/19/2016,229.93,223.70
01/18/2016,231.28,224.94
01/15/2016,232.47,227.13
01/14/2016,235.16,229.43
01/13/2016,235.21,229.08
01/12/2016,235.18,227.61
01/11/2016,235.32,229.07
01/08/2016,232.20,226.98
01/07/2016,230.59,223.89
01/06/2016,228.03,220.68
01/05/2016,222.31,216.61
01/04/2016,218.06,211.01
12/31/2015,212.59,205.22
12/30/2015,208.78,201.51
12/29/2015,206.17,197.66
12/28/2015,201.09,193.20
12/24/2015,197.63,189.47
12/23/2015,194.90,187.50
12/22/2015,191.53,183.65
12/21/2015,191.28,183.93
12/18/2015,194.14,186.35
12/17/2015,195.76,185.54
12/16/2015,196.90,184.91
12/15/2015,197.21,186.81
12/14/2015,198.78,186.73
12/11/2015,202.50,186.43
12/10/2015,203.08,188.47
12/09/2015,203.08,190.00
12/08/2015,204.14,190.73
12/07/2015,202.87,190.36
12/04/2015,202.60,191.49
12/03/2015,204.49,193.02
12/02/2015,204.08,192.25
12/01/2015,203.81,192.69
11/30/2015,205.65,194.86
11/27/2015,204.40,195.50
11/25/2015,204.09,193.76
11/24/2015,203.81,192.24
11/23/2015,202.79,191.05
11/20/2015,203.14,190.95
11/19/2015,204.83,193.34
11/18/2015,206.68,196.70
11/17/2015,208.37,197.93
11/16/2015,209.04,196.99
11/13/2015,209.30,199.05
11/12/2015,211.80,200.48
11/11/2015,214.81,204.19
11/10/2015,216.57,206.94
11/09/2015,216.45,206.69
11/06/2015,215.66,207.25
11/05/2015,218.86,208.65
11/04/2015,220.14,209.69
11/03/2015,218.40,210.32
11/02/2015,219.61,212.52
10/30/2015,220.04,212.07
10/29/2015,220.93,211.55
10/28/2015,220.14,212.20
10/27/2015,217.95,211.07
10/26/2015,217.06,209.69
10/23/2015,217.17,210.90
10/22/2015,217.47,209.87
10/21/2015,216.49,209.99
10/20/2015,215.38,210.36
10/19/2015,213.64,207.73
10/16/2015,211.69,206.36
10/15/2015,211.22,207.23
10/14/2015,210.61,205.62
10/13/2015,208.46,203.34
10/12/2015,205.30,199.12
10/09/2015,203.00,197.89
10/08/2015,203.61,197.46
10/07/2015,203.58,197.70
10/06/2015,204.17,198.87
10/05/2015,203.97,199.05
10/02/2015,205.77,201.36
10/01/2015,207.55,203.21
09/30/2015,208.62,204.20
09/29/2015,209.31,207.69
09/28/2015,210.94,209.42
09/25/2015,212.23,209.80
09/24/2015,214.85,211.62
09/23/2015,217.89,213.51
09/22/2015,222.77,216.79
09/21/2015,225.54,220.15
09/18/2015,226.30,219.26
09/17/2015,230.50,221.70
09/16/2015,233.41,225.03
09/15/2015,233.49,225.01
09/14/2015,235.14,225.69
09/11/2015,236.09,226.73
09/10/2015,239.06,228.10
09/09/2015,239.47,228.70
09/08/2015,239.16,228.65
09/04/2015,240.07,228.39
09/03/2015,240.81,228.44
09/02/2015,240.97,229.03
09/01/2015,241.21,230.44
08/31/2015,242.24,232.04
08/28/2015,243.22,232.95
08/27/2015,244.21,233.12
08/26/2015,244.24,233.60
08/25/2015,243.86,233.80
08/24/2015,244.31,233.98
08/21/2015,244.90,234.88
08/20/2015,246.46,235.58
08/19/2015,246.78,236.44
08/18/2015,245.08,236.25
08/17/2015,245.52,236.39
08/14/2015,244.72,235.44
08/13/2015,245.09,235.13
08/12/2015,244.02,235.45
08/11/2015,240.93,234.80
08/10/2015,238.52,231.92
08/07/2015,236.34,230.14
08/06/2015,235.19,228.39
08/05/2015,235.21,228.85
08/04/2015,233.48,228.17
08/03/2015,233.99,228.83
07/31/2015,233.25,229.29
07/30/2015,233.34,229.32
07/29/2015,232.62,229.07
07/28/2015,232.15,228.87
07/27/2015,232.27,228.88
07/24/2015,230.70,228.23
07/23/2015,232.59,227.96
07/22/2015,232.92,228.35
07/21/2015,233.32,230.01
07/20/2015,233.83,230.22
07/17/2015,233.30,229.39
07/16/2015,233.95,230.82
07/15/2015,234.94,233.71
07/14/2015,236.04,233.96
07/13/2015,236.00,232.70
07/10/2015,236.98,233.99
07/09/2015,239.72,236.58
07/08/2015,242.03,239.24
07/07/2015,244.67,241.09
07/06/2015,247.65,243.92
07/02/2015,250.12,248.05
07/01/2015,252.29,249.26
06/30/2015,252.73,249.35
06/29/2015,253.22,248.64
06/26/2015,253.12,248.15
06/25/2015,255.16,250.13
06/24/2015,256.12,250.39
06/23/2015,254.13,247.99
06/22/2015,253.04,248.06
06/19/2015,251.32,246.23
06/18/2015,250.83,244.73
06/17/2015,250.40,244.38
06/16/2015,249.47,242.56
06/15/2015,247.33,240.46
06/12/2015,245.72,240.42
06/11/2015,247.19,240.66
06/10/2015,247.66,240.73
06/09/2015,247.20,240.75
06/08/2015,244.11,236.31
06/05/2015,244.65,237.57
06/04/2015,248.48,240.51
06/03/2015,249.28,239.80
06/02/2015,251.59,241.35
06/01/2015,254.28,244.62
05/29/2015,254.99,243.83
05/28/2015,259.25,246.74
05/27/2015,261.11,249.88
05/26/2015,261.07,249.20
05/22/2015,260.25,247.62
05/21/2015,262.22,249.32
05/20/2015,264.98,251.06
05/19/2015,265.59,251.03
05/18/2015,262.92,250.42
05/15/2015,261.93,251.10
05/14/2015,264.74,251.31
05/13/2015,263.17,249.11
05/12/2015,260.96,247.75
05/11/2015,259.57,248.10
05/08/2015,258.12,246.82
05/07/2015,257.58,245.84
05/06/2015,256.15,244.27
05/05/2015,255.56,243.60
05/04/2015,255.64,243.90
05/01/2015,254.64,243.22
04/30/2015,256.90,244.05
04/29/2015,258.55,246.06
04/28/2015,257.72,247.98
04/27/2015,256.89,247.98
04/24/2015,256.99,247.62
04/23/2015,260.01,251.04
04/22/2015,260.06,249.52
04/21/2015,259.82,249.55
04/20/2015,259.14,252.20
04/17/2015,257.79,250.97
04/16/2015,260.38,250.97
04/15/2015,260.80,251.22
04/14/2015,258.45,249.42
04/13/2015,257.70,249.19
04/10/2015,256.51,249.91
04/09/2015,258.39,252.45
04/08/2015,259.14,251.05
04/07/2015,256.98,251.23
04/06/2015,256.48,251.55
04/03/2015,255.57,249.29
04/02/2015,255.94,250.46
04/01/2015,255.42,250.21
03/31/2015,254.13,248.64
03/30/2015,251.70,247.62
03/27/2015,250.80,246.71
03/26/2015,250.67,246.96
03/25/2015,250.51,247.14
03/24/2015,246.83,244.78
03/23/2015,245.79,243.23
03/20/2015,244.51,243.28
03/19/2015,246.61,244.79
03/18/2015,246.80,244.47
03/17/2015,247.04,244.79
03/16/2015,245.26,245.06
03/13/2015,244.12,244.07
03/12/2015,245.98,245.79
03/11/2015,247.47,244.88
03/10/2015,247.79,245.12
03/09/2015,247.59,245.75
03/06/2015,248.48,244.39
03/05/2015,249.20,246.58
03/04/2015,248.58,247.23
03/03/2015,249.61,245.28
03/02/2015,248.67,245.45
02/27/2015,247.58,245.57
02/26/2015,247.03,244.90
02/25/2015,246.49,244.93
02/24/2015,244.24,242.65
02/23/2015,241.08,239.38
02/20/2015,240.31,237.79
02/19/2015,239.92,236.71
02/18/2015,239.78,235.85
02/17/2015,239.12,233.20
02/16/2015,238.22,233.04
02/13/2015,237.68,233.95
02/12/2015,239.10,235.19
02/11/2015,239.74,236.36
02/10/2015,238.43,233.56
02/09/2015,238.48,232.30
02/06/2015,239.08,233.81
02/05/2015,241.18,235.39
02/04/2015,242.75,235.58
02/03/2015,243.11,235.14
02/02/2015,242.61,235.60
01/30/2015,242.44,235.74
01/29/2015,244.59,238.34
01/28/2015,247.29,240.34
01/27/2015,247.70,240.26
01/26/2015,251.41,244.79
01/23/2015,253.74,247.23
01/22/2015,255.65,248.89
01/21/2015,257.19,248.41
01/20/2015,258.24,248.83
01/19/2015,259.42,249.85
01/16/2015,260.45,250.84
01/15/2015,262.88,254.07
01/14/2015,263.81,253.68
01/13/2015,261.63,251.68
01/12/2015,258.78,250.38
01/09/2015,256.79,248.23
01/08/2015,254.57,245.34
01/07/2015,252.75,242.12
01/06/2015,250.33,240.05
01/05/2015,249.36,240.43
01/02/2015,247.83,239.32
12/31/2014,248.90,238.57
12/30/2014,247.20,236.74
12/29/2014,245.67,236.51
12/26/2014,244.52,235.61
12/24/2014,243.94,233.19
12/23/2014,242.60,231.26
12/22/2014,239.36,230.22
12/19/2014,238.57,229.88
12/18/2014,241.95,230.32
12/17/2014,242.41,231.13
12/16/2014,242.88,234.25
12/15/2014,245.52,234.67
12/12/2014,245.03,234.10
12/11/2014,247.79,235.94
12/10/2014,249.95,236.37
12/09/2014,250.51,236.10
12/08/2014,251.98,235.36
12/05/2014,252.54,236.69
12/04/2014,254.42,240.26
12/03/2014,256.41,241.78
12/02/2014,256.36,243.66
12/01/2014,257.48,245.34
11/28/2014,257.40,245.85
11/26/2014,257.13,244.00
11/25/2014,256.87,243.67
11/24/2014,255.70,242.25
11/21/2014,255.22,241.93
11/20/2014,255.39,242.99
11/19/2014,254.79,242.05
11/18/2014,254.29,241.26
11/17/2014,254.27,240.03
11/14/2014,252.16,238.29
11/13/2014,251.35,238.93
11/12/2014,251.44,238.75
11/11/2014,249.97,238.43
11/10/2014,249.14,239.15
11/07/2014,249.11,238.07
11/06/2014,250.52,237.25
11/05/2014,251.24,238.12
11/04/2014,250.14,238.49
11/03/2014,250.73,239.40
10/31/2014,251.20,238.63
10/30/2014,253.35,239.41
10/29/2014,253.63,239.77
10/28/2014,251.56,239.10
10/27/2014,249.20,235.99
10/24/2014,247.41,232.71
10/23/2014,249.43,233.54
10/22/2014,251.00,235.07
10/21/2014,249.84,234.93
10/20/2014,249.84,235.17
10/17/2014,249.16,234.78
10/16/2014,248.92,234.92
10/15/2014,250.49,235.44
10/14/2014,249.41,236.08
10/13/2014,248.31,236.41
10/10/2014,247.67,234.74
10/09/2014,247.06,234.85
10/08/2014,246.55,234.48
10/07/2014,243.88,232.26
10/06/2014,241.14,229.17
10/03/2014,238.32,226.36
10/02/2014,238.45,227.33
10/01/2014,238.14,227.18
09/30/2014,238.03,226.45
09/29/2014,238.02,226.83
09/26/2014,237.66,225.48
09/25/2014,239.11,225.34
09/24/2014,239.13,226.31
09/23/2014,239.17,227.29
09/22/2014,243.02,228.47
09/19/2014,243.71,229.61
09/18/2014,244.88,232.09
09/17/2014,245.91,232.32
09/16/2014,247.64,232.96
09/15/2014,249.02,233.28
09/12/2014,249.93,234.54
09/11/2014,251.54,236.35
09/10/2014,251.46,238.18
09/09/2014,251.08,238.68
09/08/2014,251.39,237.84
09/05/2014,248.67,236.25
09/04/2014,248.12,234.69
09/03/2014,247.58,233.94
09/02/2014,246.11,233.83
08/29/2014,246.30,234.39
08/28/2014,246.89,235.27
08/27/2014,247.41,237.60
08/26/2014,248.48,238.48
08/25/2014,249.69,239.07
08/22/2014,249.77,239.66
08/21/2014,250.46,240.82
08/20/2014,251.55,243.07
08/19/2014,252.91,243.91
08/18/2014,255.10,246.57
08/15/2014,255.54,248.38
08/14/2014,256.74,248.57
08/13/2014,256.88,249.55
08/12/2014,258.15,253.13
08/11/2014,259.44,251.62
08/08/2014,260.45,253.00
08/07/2014,262.41,255.26
08/06/2014,261.97,255.77
08/05/2014,263.27,256.75
08/04/2014,263.22,258.03
08/01/2014,263.13,258.12
07/31/2014,263.66,260.60
07/30/2014,262.92,260.83
07/29/2014,261.34,259.03
07/28/2014,259.30,256.17
07/25/2014,257.38,254.33
07/24/2014,255.56,252.84
07/23/2014,252.59,248.71
07/22/2014,252.80,245.79
07/21/2014,250.52,244.08
07/18/2014,248.45,242.65
07/17/2014,249.81,244.24
07/16/2014,250.82,242.86
07/15/2014,250.53,243.46
07/14/2014,251.14,244.42
07/11/2014,251.79,244.84
07/10/2014,252.17,243.52
07/09/2014,250.57,242.26
07/08/2014,249.98,242.62
07/07/2014,248.18,241.23
07/03/2014,248.12,241.12
07/02/2014,247.66,240.12
07/01/2014,248.13,239.50
06/30/2014,247.28,238.91
06/27/2014,245.98,237.75
06/26/2014,245.01,237.56
06/25/2014,244.52,238.17
06/24/2014,243.66,238.34
06/23/2014,242.77,237.35
06/20/2014,240.89,233.37
06/19/2014,240.46,233.09
06/18/2014,239.54,232.05
06/17/2014,236.80,229.27
06/16/2014,234.24,226.11
06/13/2014,231.87,223.72
06/12/2014,230.89,223.60
06/11/2014,231.82,222.95
06/10/2014,232.51,222.35
06/09/2014,231.93,221.69
06/06/2014,230.86,220.81
06/05/2014,230.99,221.89
06/04/2014,232.11,223.86
06/03/2014,232.66,223.85
06/02/2014,232.43,221.48
05/30/2014,232.66,221.90
05/29/2014,233.65,223.77
05/28/2014,234.31,224.15
05/27/2014,233.12,222.65
05/23/2014,231.98,220.90
05/22/2014,231.79,221.16
05/21/2014,231.16,220.09
05/20/2014,230.23,219.03
05/19/2014,227.22,217.54
05/16/2014,225.98,216.71
05/15/2014,225.21,215.47
05/14/2014,225.08,215.46
05/13/2014,226.61,215.53
05/12/2014,223.82,212.64
05/09/2014,223.26,212.21
05/08/2014,225.65,212.51
05/07/2014,227.15,213.26
05/06/2014,227.88,213.56
05/05/2014,228.90,215.45
05/02/2014,228.38,217.47
05/01/2014,230.34,220.98
04/30/2014,233.10,222.29
04/29/2014,234.36,220.42
04/28/2014,233.17,221.57
04/25/2014,232.83,221.64
04/24/2014,233.80,222.07
04/23/2014,232.64,220.67
04/22/2014,231.21,219.62
04/21/2014,229.06,218.07
04/18/2014,226.35,215.23
04/17/2014,225.88,215.43
04/16/2014,223.75,214.47
04/15/2014,222.86,213.14
04/14/2014,222.52,212.05
04/11/2014,222.12,212.46
04/10/2014,225.00,214.30
04/09/2014,225.46,215.23
04/08/2014,226.99,216.97
04/07/2014,227.93,215.99
04/04/2014,228.74,217.37
04/03/2014,231.95,221.41
04/02/2014,233.64,223.66
04/01/2014,232.54,222.95
03/31/2014,233.79,225.01
03/28/2014,234.46,227.34
03/27/2014,239.25,231.21
03/26/2014,241.76,233.31
03/25/2014,241.25,234.45
03/24/2014,241.12,235.93
03/21/2014,240.16,233.66
03/20/2014,241.57,234.77
03/19/2014,243.37,236.30
03/18/2014,244.08,237.22
03/17/2014,242.85,236.06
03/14/2014,240.44,236.50
03/13/2014,241.30,236.87
03/12/2014,241.51,236.76
03/11/2014,241.47,237.71
03/10/2014,238.90,235.99
03/07/2014,236.02,232.87
03/06/2014,235.58,233.00
03/05/2014,234.51,231.93
03/04/2014,231.76,229.74
03/03/2014,229.12,227.81
02/28/2014,225.33,223.12
02/27/2014,221.41,219.00
02/26/2014,218.95,216.67
02/25/2014,216.50,213.98
02/24/2014,215.82,212.67
02/21/2014,213.75,210.88
02/20/2014,214.32,211.36
02/19/2014,213.85,211.49
02/18/2014,211.99,210.72
02/17/2014,210.98,209.02
02/14/2014,207.68,206.96
02/13/2014,208.10,207.76
02/12/2014,208.05,207.63
02/11/2014,209.14,208.16
02/10/2014,211.16,209.01
02/07/2014,210.77,209.19
02/06/2014,213.51,212.31
02/05/2014,216.64,216.63
02/04/2014,220.49,219.21
02/03/2014,220.09,219.42
01/31/2014,223.49,224.85
01/30/2014,230.75,229.79
01/29/2014,231.81,230.43
01/28/2014,235.80,233.67
01/27/2014,238.04,237.06
01/24/2014,237.26,236.25
01/23/2014,238.55,236.93
01/22/2014,240.05,237.44
01/21/2014,239.72,237.15
01/20/2014,236.56,234.45
01/17/2014,231.71,229.32
01/16/2014,228.79,225.51
01/15/2014,224.62,221.91
01/14/2014,221.04,219.35
01/13/2014,216.94,214.76
01/10/2014,214.98,211.58
01/09/2014,212.05,209.05
01/08/2014,210.13,207.07
01/07/2014,207.31,203.56
01/06/2014,205.54,201.38
01/03/2014,202.41,197.38
01/02/2014,200.55,196.05
12/31/2013,200.65,196.41
12/30/2013,199.71,195.46
12/27/2013,196.99,191.30
12/26/2013,196.93,190.46
12/24/2013,196.86,191.98
12/23/2013,196.69,190.52
12/20/2013,196.79,188.43
12/19/2013,197.71,188.78
12/18/2013,198.18,188.38
12/17/2013,198.43,188.78
12/16/2013,199.97,188.41
12/13/2013,198.89,187.01
12/12/2013,200.45,186.62
12/11/2013,202.61,187.10
12/10/2013,202.12,188.01
12/09/2013,202.52,188.12
12/06/2013,201.47,186.98
12/05/2013,202.41,189.62
12/04/2013,203.30,190.04
12/03/2013,203.00,189.95
12/02/2013,203.06,191.48
11/29/2013,202.88,190.41
11/27/2013,202.55,190.20
11/26/2013,201.42,189.08
11/25/2013,201.32,188.28
11/22/2013,198.92,186.82
11/21/2013,198.58,186.43
11/20/2013,199.34,187.30
11/19/2013,199.02,187.90
11/18/2013,200.56,189.71
11/15/2013,201.16,188.44
11/14/2013,202.56,188.52
11/13/2013,203.01,188.49
11/12/2013,202.26,188.54
11/08/2013,202.79,189.74
11/07/2013,203.99,190.17
11/06/2013,204.56,190.62
11/05/2013,205.45,189.98
11/04/2013,205.56,189.43
11/01/2013,204.60,189.14
10/31/2013,205.17,190.08
10/30/2013,205.68,190.09
10/29/2013,204.24,188.12
10/28/2013,203.12,187.50
10/25/2013,200.97,185.40
10/24/2013,201.07,185.68
10/23/2013,200.79,184.91
10/22/2013,199.33,183.03
10/21/2013,198.29,181.65
10/18/2013,196.29,179.98
10/17/2013,196.03,181.72
09/30/2013,193.25,177.61
09/27/2013,192.63,176.15
09/26/2013,193.60,177.05
09/25/2013,193.59,177.47
09/24/2013,193.77,177.05
09/23/2013,193.55,176.79
09/20/2013,192.39,175.96
09/19/2013,193.01,176.90
09/18/2013,193.29,176.51
09/17/2013,193.01,175.76
09/16/2013,193.02,176.43
09/13/2013,192.69,176.68
09/12/2013,193.85,177.24
09/11/2013,193.93,178.48
09/10/2013,193.73,178.74
09/09/2013,194.33,179.86
09/06/2013,195.23,181.19
09/05/2013,195.86,181.91
09/04/2013,196.56,182.13
09/03/2013,196.10,181.92
08/30/2013,195.67,182.66
08/29/2013,195.71,183.20
08/28/2013,196.28,184.40
08/27/2013,196.09,185.64
08/26/2013,195.80,184.14
08/23/2013,196.19,184.09
08/22/2013,195.84,185.28
08/21/2013,195.46,184.44
08/20/2013,195.60,184.82
08/19/2013,195.22,186.15
08/16/2013,194.39,186.39
08/15/2013,193.30,185.71
08/14/2013,192.35,184.70
08/13/2013,190.32,183.30
08/12/2013,190.28,182.85
08/09/2013,188.99,182.00
08/08/2013,188.31,182.05
08/07/2013,188.66,181.67
08/06/2013,187.17,180.90
08/05/2013,186.46,180.54
08/02/2013,187.21,180.90
08/01/2013,186.66,181.53
07/31/2013,186.32,181.65
07/30/2013,186.78,181.66
07/29/2013,186.41,182.22
07/26/2013,187.15,182.71
07/25/2013,187.66,182.70
07/24/2013,186.89,182.22
07/23/2013,186.34,181.50
07/22/2013,188.98,183.20
07/19/2013,189.22,184.17
07/18/2013,189.30,183.73
07/17/2013,189.44,183.78
07/16/2013,190.47,184.35
07/15/2013,190.70,183.94
07/12/2013,191.53,183.67
07/11/2013,192.72,184.71
07/10/2013,193.07,186.05
07/09/2013,194.32,185.85
07/08/2013,194.85,185.13
07/05/2013,196.34,187.73
07/03/2013,197.73,188.47
07/02/2013,197.10,186.62
07/01/2013,196.64,185.78
06/28/2013,197.50,187.15
06/27/2013,197.38,187.62
06/26/2013,196.51,186.51
06/25/2013,197.57,185.92
06/24/2013,199.25,186.58
06/21/2013,199.39,186.22
06/20/2013,199.30,185.88
06/19/2013,198.98,184.69
06/18/2013,200.24,184.39
06/17/2013,201.19,184.03
06/14/2013,199.53,183.79
06/13/2013,200.63,184.37
06/12/2013,201.79,184.31
06/11/2013,202.99,184.16
06/10/2013,203.18,183.44
06/07/2013,201.57,183.37
06/06/2013,203.63,184.84
06/05/2013,204.40,184.56
06/04/2013,205.29,184.09
06/03/2013,206.17,185.44
05/31/2013,206.65,187.20
05/30/2013,208.55,189.09
05/29/2013,209.53,190.33
05/28/2013,208.54,189.93
05/24/2013,208.87,190.44
05/23/2013,211.37,191.52
05/22/2013,211.20,192.19
05/21/2013,210.66,192.97
05/20/2013,210.25,193.41
05/17/2013,209.51,192.31
05/16/2013,208.77,192.71
05/15/2013,207.95,192.75
05/14/2013,206.09,192.07
05/13/2013,205.13,191.83
05/10/2013,204.98,191.20
05/09/2013,205.49,191.03
05/08/2013,204.67,190.63
05/07/2013,201.19,190.26
05/06/2013,200.26,189.61
05/03/2013,201.68,190.13
05/02/2013,200.58,190.64
05/01/2013,199.49,189.83
04/30/2013,196.39,188.04
04/29/2013,194.79,186.22
04/26/2013,192.89,184.43
04/25/2013,191.54,184.50
04/24/2013,191.54,184.81
04/23/2013,191.41,183.78
04/22/2013,190.78,183.67
04/19/2013,190.10,183.63
04/18/2013,190.79,184.25
04/17/2013,191.33,184.49
04/16/2013,190.45,183.93
04/15/2013,189.89,183.91
04/12/2013,189.52,184.14
04/11/2013,190.15,183.99
04/10/2013,190.95,185.57
04/09/2013,191.41,187.02
04/08/2013,190.95,186.46
04/05/2013,191.32,187.01
04/04/2013,191.72,188.25
04/03/2013,191.48,188.61
04/02/2013,191.42,189.22
04/01/2013,190.53,188.31
03/29/2013,189.05,188.38
03/28/2013,189.07,188.84
03/27/2013,189.96,188.51
03/26/2013,190.43,189.17
03/25/2013,190.58,190.21
03/22/2013,191.43,192.28
03/21/2013,192.98,193.24
03/20/2013,193.41,193.03
03/19/2013,194.18,193.65
03/18/2013,195.84,193.71
03/15/2013,195.76,193.93
03/14/2013,196.32,195.13
03/13/2013,197.49,196.00
03/12/2013,197.28,195.70
03/11/2013,196.88,195.60
03/08/2013,197.28,194.93
03/07/2013,196.90,195.09
03/06/2013,196.08,194.80
03/05/2013,193.87,191.52
03/04/2013,190.96,188.08
03/01/2013,188.10,185.81
02/28/2013,186.16,185.76
02/27/2013,185.57,184.87
02/26/2013,184.51,182.57
02/25/2013,183.09,180.14
02/22/2013,182.89,180.19
02/21/2013,182.35,180.20
02/20/2013,182.31,180.53
02/19/2013,182.47,180.88
02/15/2013,181.95,180.40
02/14/2013,183.53,179.60
02/13/2013,183.68,179.32
02/12/2013,183.45,179.30
02/11/2013,182.72,179.15
02/08/2013,182.12,179.62
02/07/2013,183.46,181.13
02/06/2013,183.94,180.65
02/05/2013,184.31,179.72
02/04/2013,182.74,179.01
02/01/2013,182.56,178.62
01/31/2013,185.32,180.25
01/30/2013,186.76,181.02
01/29/2013,186.89,181.10
01/28/2013,187.61,182.42
01/25/2013,187.44,181.86
01/24/2013,188.01,182.19
01/23/2013,189.78,182.90
01/22/2013,190.59,183.90
01/18/2013,189.84,182.61
01/17/2013,192.20,184.36
01/16/2013,193.83,186.20
01/15/2013,193.46,184.92
01/14/2013,194.09,184.76
01/11/2013,194.24,183.49
01/10/2013,193.81,183.96
01/09/2013,193.55,183.53
01/08/2013,193.98,183.31
01/07/2013,193.49,182.60
01/04/2013,194.26,182.22
01/03/2013,194.91,183.28
01/02/2013,193.94,182.62
12/31/2012,194.15,181.05
12/28/2012,193.49,180.29
12/27/2012,194.26,179.49
12/26/2012,194.24,179.19
12/21/2012,193.09,177.79
12/20/2012,192.06,176.70
12/19/2012,193.55,176.45
12/18/2012,193.93,174.96
12/17/2012,194.86,174.45
12/14/2012,194.69,175.34
12/13/2012,194.51,175.68
12/12/2012,195.78,175.34
12/11/2012,196.17,174.67
12/10/2012,194.05,172.93
12/07/2012,192.95,172.39
12/06/2012,194.13,173.70
12/05/2012,194.89,174.83
12/04/2012,195.05,176.52
12/03/2012,195.32,174.59
11/30/2012,195.03,174.20
11/29/2012,196.03,174.90
11/28/2012,195.73,175.73
11/27/2012,195.34,174.80
11/26/2012,196.11,174.03
11/23/2012,196.33,174.17
11/21/2012,194.89,174.37
11/20/2012,194.28,173.84
11/19/2012,194.17,172.97
11/16/2012,193.02,173.08
11/15/2012,192.93,173.13
11/14/2012,193.22,174.30
11/13/2012,193.39,174.59
11/12/2012,193.30,173.71
11/09/2012,191.87,173.56
11/08/2012,193.24,175.95
11/07/2012,193.93,176.16
11/06/2012,193.65,176.45
11/05/2012,193.02,175.29
11/02/2012,192.74,175.54
11/01/2012,193.50,176.30
10/31/2012,194.77,176.65
10/30/2012,198.17,177.88
10/29/2012,197.50,179.08
10/26/2012,196.82,179.70
10/25/2012,199.37,182.55
10/24/2012,199.38,183.92
10/23/2012,198.52,183.34
10/22/2012,198.35,181.53
10/19/2012,196.68,180.45
10/18/2012,196.81,180.88
10/17/2012,195.71,180.75
10/16/2012,195.10,180.55
10/15/2012,193.96,178.89
10/12/2012,191.67,177.04
10/11/2012,191.31,177.32
10/10/2012,190.98,176.92
10/09/2012,191.20,177.29
10/08/2012,190.57,176.42
10/05/2012,189.99,175.64
10/04/2012,191.35,177.09
10/03/2012,190.70,177.53
10/02/2012,190.49,176.76
10/01/2012,189.19,176.62
09/28/2012,188.98,177.85
09/27/2012,192.04,180.51
09/26/2012,192.45,181.51
09/25/2012,192.68,181.56
09/24/2012,192.69,182.43
09/21/2012,193.34,183.86
09/20/2012,194.99,184.25
09/19/2012,194.92,183.96
09/18/2012,194.27,184.00
09/17/2012,193.05,182.46
09/14/2012,191.54,180.68
09/13/2012,191.40,179.95
09/12/2012,191.71,179.70
09/11/2012,191.53,179.20
09/10/2012,191.32,180.68
09/07/2012,190.73,181.70
09/06/2012,191.56,181.86
09/05/2012,191.14,181.83
09/04/2012,190.45,180.69
08/31/2012,189.62,179.46
08/30/2012,190.83,180.03
08/29/2012,190.92,180.95
08/28/2012,191.91,181.94
08/27/2012,191.98,182.17
08/24/2012,192.14,183.53
08/23/2012,193.83,184.93
08/22/2012,193.73,184.86
08/21/2012,193.82,185.30
08/20/2012,193.85,185.25
08/17/2012,193.03,184.72
08/16/2012,191.48,184.40
08/15/2012,190.52,183.24
08/14/2012,189.21,181.84
08/13/2012,186.89,179.42
08/10/2012,184.95,177.65
08/09/2012,182.52,176.63
08/08/2012,181.42,175.35
08/07/2012,179.90,173.95
08/06/2012,178.49,172.40
08/03/2012,178.14,171.63
08/02/2012,178.15,171.38
08/01/2012,177.69,170.83
07/31/2012,177.82,171.09
07/30/2012,177.62,170.78
07/27/2012,176.94,170.03
07/26/2012,178.25,171.33
07/25/2012,178.09,171.46
07/24/2012,178.24,171.35
07/23/2012,178.77,170.69
07/20/2012,179.31,170.85
07/19/2012,180.58,171.87
07/18/2012,182.16,172.50
07/17/2012,184.45,172.86
07/16/2012,183.84,172.19
07/13/2012,183.94,172.57
07/12/2012,186.03,173.42
07/11/2012,187.81,173.66
07/10/2012,188.35,174.34
07/09/2012,190.51,175.07
07/06/2012,192.65,174.71
07/05/2012,193.57,175.84
07/03/2012,193.22,177.36
07/02/2012,194.63,177.61
06/29/2012,194.66,178.09
06/28/2012,196.12,180.33
06/27/2012,197.93,180.32
06/26/2012,197.74,180.22
06/25/2012,196.43,180.03
06/22/2012,196.63,180.09
06/21/2012,197.21,179.96
06/20/2012,198.00,180.22
06/19/2012,197.94,181.03
06/18/2012,197.49,180.60
06/15/2012,198.00,181.11
06/14/2012,198.17,181.96
06/13/2012,197.76,182.03
06/12/2012,197.48,182.22
06/11/2012,197.69,183.66
06/08/2012,196.94,182.65
06/07/2012,197.42,184.31
06/06/2012,197.13,184.77
06/05/2012,196.40,185.15
06/04/2012,197.62,185.49
06/01/2012,197.25,185.36
05/31/2012,197.31,187.05
05/30/2012,197.00,188.10
05/29/2012,195.74,187.21
05/25/2012,194.63,185.46
05/24/2012,195.56,186.84
05/23/2012,195.37,187.65
05/22/2012,194.28,187.04
05/21/2012,194.59,186.47
05/18/2012,192.51,186.56
05/17/2012,191.10,185.83
05/16/2012,190.98,185.10
05/15/2012,191.61,187.08
05/14/2012,191.03,185.70
05/11/2012,189.10,183.05
05/10/2012,189.92,183.86
05/09/2012,191.51,185.95
05/08/2012,190.82,185.99
05/07/2012,190.48,184.68
05/04/2012,190.29,186.11
05/03/2012,190.96,186.90
05/02/2012,191.18,186.43
05/01/2012,190.47,186.46
04/30/2012,190.40,185.94
04/27/2012,190.27,186.05
04/26/2012,190.74,187.30
04/25/2012,190.49,187.34
04/24/2012,189.94,187.21
04/23/2012,188.57,184.99
04/20/2012,188.01,184.39
04/19/2012,187.08,184.71
04/18/2012,185.76,183.84
04/17/2012,183.47,182.16
04/16/2012,181.26,180.49
04/13/2012,178.51,177.33
04/12/2012,176.70,176.76
04/11/2012,177.06,177.68
04/10/2012,178.08,177.35
04/09/2012,178.61,176.88
04/06/2012,177.61,175.30
04/05/2012,178.51,176.66
04/04/2012,180.64,178.37
04/03/2012,183.09,180.91
04/02/2012,184.10,182.35
03/30/2012,183.37,182.40
03/29/2012,183.46,183.12
03/28/2012,184.24,184.32
03/27/2012,185.44,185.38
03/26/2012,186.75,186.56
03/23/2012,187.41,186.57
03/22/2012,188.92,187.67
03/21/2012,188.97,188.32
03/20/2012,191.09,188.98
03/19/2012,191.74,189.02
03/16/2012,189.91,188.17
03/15/2012,190.20,188.58
03/14/2012,190.87,189.15
03/13/2012,192.13,190.90
03/12/2012,193.11,192.25
03/09/2012,193.84,193.36
03/08/2012,195.80,193.95
03/07/2012,197.53,195.08
03/06/2012,198.11,194.75
03/05/2012,197.99,194.19
03/02/2012,198.07,193.80
03/01/2012,198.45,195.15
02/29/2012,198.80,195.15
02/28/2012,198.65,194.68
02/27/2012,198.56,193.99
02/24/2012,197.42,193.40
02/23/2012,196.86,193.02
02/22/2012,196.88,192.63
02/21/2012,194.15,191.15
02/20/2012,191.81,188.38
02/17/2012,190.45,185.90
02/16/2012,190.20,185.53
02/15/2012,189.38,184.27
02/14/2012,187.95,182.59
02/13/2012,187.22,181.97
02/10/2012,186.65,181.88
02/09/2012,186.32,182.32
02/08/2012,186.56,181.48
02/07/2012,185.68,180.11
02/06/2012,184.66,179.07
02/03/2012,183.12,178.08
02/02/2012,183.19,178.53
02/01/2012,184.27,178.68
01/31/2012,183.23,178.08
01/30/2012,182.88,178.68
01/27/2012,184.13,179.22
01/26/2012,184.62,179.87
01/25/2012,184.85,179.41
01/24/2012,184.20,178.77
01/23/2012,183.52,177.77
01/20/2012,182.00,175.56
01/19/2012,181.54,175.24
01/18/2012,182.53,174.46
01/17/2012,182.90,174.12
01/16/2012,183.71,175.07
01/13/2012,184.12,175.61
01/12/2012,186.75,177.15
01/11/2012,188.97,178.18
01/10/2012,190.20,179.57
01/09/2012,189.58,179.48
01/06/2012,190.10,179.13
01/05/2012,191.30,179.81
01/04/2012,193.86,180.14
01/03/2012,194.08,180.19
12/30/2011,194.73,179.44
12/29/2011,194.68,179.44
12/28/2011,193.48,179.26
12/27/2011,192.25,177.74
12/23/2011,192.42,176.36
12/22/2011,191.60,174.77
12/21/2011,191.46,173.38
12/20/2011,191.17,174.77
12/19/2011,190.18,173.93
12/16/2011,189.75,172.76
12/15/2011,188.84,171.78
12/14/2011,188.72,171.53
12/13/2011,189.15,170.90
12/12/2011,189.26,170.48
12/09/2011,185.14,170.18
12/08/2011,186.45,171.62
12/07/2011,190.89,173.71
12/06/2011,190.20,172.83
12/05/2011,190.18,172.56
12/02/2011,191.01,173.27
12/01/2011,193.26,174.66
11/30/2011,194.43,175.67
11/29/2011,194.95,176.49
11/28/2011,195.93,176.95
11/25/2011,196.23,177.04
11/23/2011,197.07,177.82
11/22/2011,196.87,177.90
11/21/2011,196.38,178.10
11/18/2011,195.12,178.57
11/17/2011,195.39,177.30
11/16/2011,195.45,176.69
11/15/2011,194.25,176.14
11/14/2011,192.40,175.08
11/11/2011,191.02,172.70
11/10/2011,190.49,172.09
11/09/2011,189.25,171.86
11/08/2011,189.68,170.59
11/07/2011,189.16,169.89
11/04/2011,187.13,169.75
11/03/2011,187.21,169.83
11/02/2011,187.38,169.34
11/01/2011,187.67,169.91
10/31/2011,188.23,169.08
10/28/2011,188.10,169.13
10/27/2011,187.96,169.82
10/26/2011,187.45,169.54
10/25/2011,186.79,168.56
10/24/2011,184.58,167.33
10/21/2011,183.63,167.09
10/20/2011,185.08,167.32
10/19/2011,185.04,166.73
10/18/2011,185.06,166.38
10/17/2011,185.24,166.20
10/14/2011,185.00,166.98
10/13/2011,186.00,168.29
10/12/2011,186.03,169.29
10/11/2011,184.99,169.47
10/10/2011,184.90,169.47
10/07/2011,184.41,169.58
10/06/2011,184.82,170.07
10/05/2011,184.24,170.27
10/04/2011,183.74,170.32
10/03/2011,183.81,170.28
09/30/2011,182.49,169.34
09/29/2011,183.26,169.27
09/28/2011,183.00,168.81
09/27/2011,183.05,168.66
09/26/2011,184.17,169.44
09/23/2011,183.31,168.94
09/22/2011,184.46,170.13
09/21/2011,184.25,171.43
09/20/2011,185.20,172.55
09/19/2011,185.29,173.42
09/16/2011,185.58,173.89
09/15/2011,185.20,173.05
09/14/2011,184.57,173.54
09/13/2011,184.17,174.01
09/12/2011,181.83,172.99
09/09/2011,180.13,171.29
09/08/2011,179.82,170.79
09/07/2011,180.38,171.13
09/06/2011,180.68,171.07
09/02/2011,180.76,172.51
09/01/2011,181.80,174.67
08/31/2011,182.79,174.37
08/30/2011,184.57,176.07
08/29/2011,186.20,179.08
08/26/2011,186.30,179.21
08/25/2011,187.79,180.99
08/24/2011,187.62,180.95
08/23/2011,187.11,181.42
08/22/2011,187.42,183.05
08/19/2011,186.79,183.69
08/18/2011,186.60,183.14
08/17/2011,185.94,182.24
08/16/2011,184.32,181.01
08/15/2011,181.59,178.68
08/12/2011,179.81,176.53
08/11/2011,178.03,174.07
08/10/2011,176.23,172.48
08/09/2011,174.94,171.10
08/08/2011,174.25,169.77
08/05/2011,172.64,169.67
08/04/2011,173.48,169.66
08/03/2011,173.51,169.51
08/02/2011,173.77,169.27
08/01/2011,173.62,170.12
07/29/2011,174.13,170.40
07/28/2011,175.25,170.04
07/27/2011,175.73,170.41
07/26/2011,174.74,170.94
07/25/2011,175.34,170.22
07/22/2011,175.70,170.11
07/21/2011,176.59,171.28
07/20/2011,178.24,172.74
07/19/2011,180.90,173.50
07/18/2011,181.09,173.04
07/15/2011,180.88,174.51
07/14/2011,181.75,176.76
07/13/2011,181.97,176.70
07/12/2011,180.70,176.47
07/11/2011,179.01,174.56
07/08/2011,179.19,174.22
07/07/2011,179.67,174.17
07/06/2011,179.38,173.93
07/05/2011,179.18,173.57
07/01/2011,178.60,172.31
06/30/2011,178.41,172.79
06/29/2011,178.43,173.38
06/28/2011,178.79,173.47
06/27/2011,178.48,172.96
06/24/2011,178.19,173.51
06/23/2011,178.46,173.29
06/22/2011,177.97,173.01
06/21/2011,176.32,172.15
06/20/2011,174.84,170.08
06/17/2011,172.94,168.27
06/16/2011,172.16,167.08
06/15/2011,171.94,166.01
06/14/2011,172.81,166.67
06/13/2011,172.99,165.75
06/10/2011,171.55,165.37
06/09/2011,172.58,167.38
06/08/2011,174.15,168.18
06/07/2011,175.41,169.09
06/06/2011,176.69,170.19
06/03/2011,177.48,171.29
06/02/2011,177.76,172.24
06/01/2011,178.24,172.73
05/31/2011,177.46,173.39
05/27/2011,177.15,172.61
05/26/2011,178.44,172.39
05/25/2011,179.03,173.18
05/24/2011,178.96,173.28
05/23/2011,177.33,172.71
05/20/2011,175.27,171.54
05/19/2011,175.59,172.57
05/18/2011,177.39,172.40
05/17/2011,178.35,172.20
05/16/2011,177.52,171.88
05/13/2011,174.79,170.74
05/12/2011,174.58,170.56
05/11/2011,176.99,170.98
05/10/2011,179.13,171.48
05/09/2011,177.20,170.25
05/06/2011,177.15,170.48
05/05/2011,179.34,174.23
05/04/2011,180.94,175.02
05/03/2011,182.16,176.33
05/02/2011,181.79,176.38
04/29/2011,182.03,176.06
04/28/2011,184.14,177.90
04/27/2011,184.73,179.61
04/26/2011,185.56,180.61
04/25/2011,186.35,179.46
04/22/2011,185.83,179.03
04/21/2011,186.36,181.92
04/20/2011,188.89,183.37
04/19/2011,188.95,183.30
04/18/2011,186.88,183.38
04/15/2011,186.43,183.97
04/14/2011,187.96,184.33
04/13/2011,189.53,185.34
04/12/2011,190.42,185.89
04/11/2011,190.10,185.50
04/08/2011,190.59,187.26
04/07/2011,190.93,187.01
04/06/2011,191.63,187.09
04/05/2011,191.96,187.54
04/04/2011,191.68,187.20
04/01/2011,189.78,185.20
03/31/2011,188.41,185.22
03/30/2011,188.18,184.91
03/29/2011,187.49,185.01
03/28/2011,186.42,185.38
03/25/2011,185.92,185.12
03/24/2011,186.82,185.56
03/23/2011,188.14,185.27
03/22/2011,189.05,186.00
03/21/2011,188.35,185.92
03/18/2011,187.51,185.49
03/17/2011,187.79,186.67
03/16/2011,187.63,186.61
03/15/2011,186.50,184.58
03/14/2011,184.97,183.75
03/11/2011,181.46,179.88
03/10/2011,178.71,176.98
03/09/2011,176.87,175.57
03/08/2011,175.27,174.70
03/07/2011,174.42,173.94
03/04/2011,173.79,172.62
03/03/2011,172.88,172.38
03/02/2011,172.88,172.62
03/01/2011,172.41,171.31
02/28/2011,171.40,171.39
02/25/2011,170.06,170.42
02/24/2011,170.36,169.81
02/23/2011,170.45,169.54
02/22/2011,169.56,169.33
02/21/2011,169.10,168.15
02/18/2011,167.29,166.59
02/17/2011,167.22,166.67
02/16/2011,168.45,167.91
02/15/2011,168.13,168.00
02/14/2011,167.67,168.22
02/11/2011,167.66,167.69
02/10/2011,169.00,168.58
02/09/2011,169.77,168.81
02/08/2011,169.82,167.33
02/07/2011,169.97,167.70
02/04/2011,171.15,169.78
02/03/2011,172.09,170.80
02/02/2011,172.73,171.68
02/01/2011,172.93,171.21
01/31/2011,173.07,170.89
01/28/2011,172.85,170.75
01/27/2011,173.10,171.61
01/26/2011,173.59,171.78
01/25/2011,173.28,171.04
01/24/2011,173.42,170.67
01/21/2011,173.52,170.64
01/20/2011,172.81,170.86
01/19/2011,171.91,170.17
01/18/2011,172.81,168.89
01/17/2011,171.55,167.23
01/14/2011,169.73,166.29
01/13/2011,169.00,164.76
01/12/2011,168.59,163.79
01/11/2011,167.42,161.33
01/10/2011,166.48,160.55
01/07/2011,165.83,160.02
01/06/2011,166.30,160.58
01/05/2011,166.81,160.44
01/04/2011,165.92,159.02
01/03/2011,164.21,157.86
12/30/2010,163.19,157.19
12/29/2010,162.82,156.44
12/28/2010,161.27,154.77
12/27/2010,160.32,153.21
12/23/2010,158.92,152.64
12/22/2010,158.92,153.20
12/21/2010,159.85,153.10
12/20/2010,160.32,152.26
12/17/2010,161.71,152.31
12/16/2010,161.15,152.31
12/15/2010,161.97,152.65
12/14/2010,164.54,153.05
12/13/2010,164.80,152.75
12/10/2010,163.74,152.57
12/09/2010,163.53,153.62
12/08/2010,164.87,154.17
12/07/2010,164.71,153.21
12/06/2010,165.15,152.56
12/03/2010,164.00,152.61
12/02/2010,163.46,153.59
12/01/2010,162.85,153.06
11/30/2010,162.55,151.78
11/29/2010,162.18,151.69
11/26/2010,161.85,152.34
11/24/2010,161.10,151.56
11/23/2010,160.14,149.79
11/22/2010,160.96,149.16
11/19/2010,159.14,149.95
11/18/2010,158.64,149.32
11/17/2010,159.29,149.60
11/16/2010,158.11,150.05
11/15/2010,157.84,149.29
11/12/2010,157.23,148.25
11/11/2010,157.08,148.30
11/10/2010,157.35,149.14
11/09/2010,158.27,149.50
11/08/2010,159.01,149.42
11/05/2010,158.56,150.20
11/04/2010,159.01,151.90
11/03/2010,159.87,153.16
11/02/2010,160.25,153.18
11/01/2010,160.17,153.22
10/29/2010,161.30,153.44
10/28/2010,162.26,153.96
10/27/2010,161.37,154.55
10/26/2010,160.56,154.22
10/25/2010,162.20,154.42
10/22/2010,161.42,154.74
10/21/2010,160.61,153.97
10/20/2010,159.99,152.62
10/19/2010,157.99,151.23
10/18/2010,155.92,148.97
10/15/2010,154.68,147.02
10/14/2010,153.24,146.44
10/13/2010,152.62,146.09
10/12/2010,152.46,145.76
10/11/2010,152.93,144.89
10/08/2010,151.81,144.03
10/07/2010,151.98,144.61
10/06/2010,152.63,145.53
10/05/2010,152.55,146.08
10/04/2010,153.10,145.78
10/01/2010,154.19,146.26
09/30/2010,155.22,146.99
09/29/2010,156.71,148.36
09/28/2010,157.62,149.18
09/27/2010,157.59,149.53
09/24/2010,157.43,149.35
09/23/2010,157.98,149.80
09/22/2010,158.04,150.06
09/21/2010,157.66,149.04
09/20/2010,156.90,150.23
09/17/2010,156.62,151.21
09/16/2010,157.46,151.24
09/15/2010,158.28,151.43
09/14/2010,158.97,152.03
09/13/2010,159.42,153.44
09/10/2010,159.42,153.25
09/09/2010,160.73,154.29
09/08/2010,161.47,155.44
09/07/2010,161.75,155.91
09/03/2010,162.67,155.92
09/02/2010,162.91,156.75
09/01/2010,162.62,156.86
08/31/2010,163.64,156.88
08/30/2010,163.74,157.62
08/27/2010,163.86,157.56
08/26/2010,164.30,158.24
08/25/2010,164.25,157.82
08/24/2010,163.60,156.78
08/23/2010,162.93,156.08
08/20/2010,161.77,154.63
08/19/2010,159.42,152.12
08/18/2010,158.41,150.96
08/17/2010,157.16,150.06
08/16/2010,155.62,148.53
08/13/2010,154.56,147.31
08/12/2010,154.28,147.02
08/11/2010,153.19,146.55
08/10/2010,153.16,146.78
08/09/2010,152.75,145.69
08/06/2010,150.79,143.98
08/05/2010,150.69,143.98
08/04/2010,151.27,143.65
08/03/2010,150.75,143.65
08/02/2010,150.70,143.57
07/30/2010,151.83,145.02
07/29/2010,153.39,145.74
07/28/2010,154.70,146.34
07/27/2010,155.23,145.73
07/26/2010,154.90,145.78
07/23/2010,154.66,146.45
07/22/2010,155.28,146.75
07/21/2010,155.52,146.50
07/20/2010,155.10,145.85
07/19/2010,154.14,144.76
07/16/2010,153.52,144.38
07/15/2010,153.87,144.79
07/14/2010,153.98,145.09
07/13/2010,154.46,145.67
07/12/2010,154.37,145.17
07/09/2010,154.37,144.68
07/08/2010,154.61,145.05
07/07/2010,155.62,146.28
07/06/2010,155.94,146.47
07/02/2010,155.40,146.49
07/01/2010,155.62,146.96
06/30/2010,155.56,146.67
06/29/2010,155.12,146.68
06/28/2010,154.89,146.21
06/25/2010,154.29,146.05
06/24/2010,154.48,146.73
06/23/2010,154.47,146.27
06/22/2010,154.54,145.84
06/21/2010,154.70,146.34
06/18/2010,153.94,146.01
06/17/2010,153.47,146.20
06/16/2010,153.77,146.40
06/15/2010,154.21,146.71
06/14/2010,153.13,145.51
06/11/2010,153.17,145.24
06/10/2010,155.16,146.18
06/09/2010,156.81,148.26
06/08/2010,158.56,150.11
06/07/2010,159.81,151.59
06/04/2010,160.45,152.41
06/03/2010,161.92,154.15
06/02/2010,163.57,156.10
06/01/2010,163.98,156.49
05/28/2010,164.03,156.07
05/27/2010,164.83,157.52
05/26/2010,166.14,159.48
05/25/2010,166.82,160.72
05/24/2010,167.00,161.06
05/21/2010,167.20,161.06
05/20/2010,167.65,161.90
05/19/2010,167.91,162.97
05/18/2010,168.88,164.29
05/17/2010,169.29,164.20
05/14/2010,169.26,164.32
05/13/2010,169.79,166.16
05/12/2010,171.05,166.95
05/11/2010,171.40,166.91
05/10/2010,171.10,167.17
05/07/2010,171.04,168.20
05/06/2010,170.69,168.13
05/05/2010,170.61,167.18
05/04/2010,170.76,166.81
05/03/2010,170.45,167.50
04/30/2010,170.21,167.08
04/29/2010,169.96,167.02
04/28/2010,169.77,167.46
04/27/2010,170.27,167.36
04/26/2010,170.17,166.73
04/23/2010,168.96,165.72
04/22/2010,167.35,165.48
04/21/2010,167.62,165.07
04/20/2010,168.03,165.03
04/19/2010,167.10,164.71
04/16/2010,166.90,164.22
04/15/2010,166.96,164.63
04/14/2010,166.74,164.85
04/13/2010,166.92,164.50
04/12/2010,166.31,163.31
04/09/2010,165.27,162.27
04/08/2010,164.95,163.14
04/07/2010,164.62,163.20
04/06/2010,164.94,162.65
04/05/2010,164.23,161.42
04/02/2010,163.01,161.27
04/01/2010,163.41,160.77
03/31/2010,163.75,160.63
03/30/2010,163.48,161.11
03/29/2010,163.69,160.51
03/26/2010,162.69,160.33
03/25/2010,162.78,160.76
03/24/2010,162.57,160.34
03/23/2010,161.41,159.74
03/22/2010,159.20,157.86
03/19/2010,156.64,155.00
03/18/2010,154.87,152.98
03/17/2010,153.60,152.39
03/16/2010,152.52,150.71
03/15/2010,150.83,148.94
03/12/2010,149.64,148.50
03/11/2010,149.07,148.37
03/10/2010,149.49,149.20
03/09/2010,149.50,149.02
03/08/2010,149.29,148.11
03/05/2010,149.59,148.11
03/04/2010,150.09,148.61
03/03/2010,150.42,148.97
03/02/2010,151.25,149.50
03/01/2010,150.34,149.50
02/26/2010,149.96,149.56
02/25/2010,150.39,149.75
02/24/2010,149.92,149.62
02/23/2010,149.78,148.99
02/22/2010,148.03,146.28
02/19/2010,146.71,144.83
02/18/2010,144.91,143.77
02/17/2010,144.46,142.81
02/16/2010,143.98,141.97
02/15/2010,142.83,140.65
02/12/2010,140.80,138.63
02/11/2010,139.17,137.99
02/10/2010,138.77,137.37
02/09/2010,139.19,136.80
02/08/2010,138.65,136.44
02/05/2010,137.90,135.46
02/04/2010,138.71,136.10
02/03/2010,139.78,137.15
02/02/2010,139.93,137.55
02/01/2010,140.40,138.01
01/29/2010,140.73,137.76
01/28/2010,140.05,136.69
01/27/2010,140.47,136.95
01/26/2010,142.34,138.84
01/25/2010,143.40,139.64
01/22/2010,143.21,139.23
01/21/2010,143.88,139.80
01/20/2010,145.38,140.97
01/19/2010,146.55,141.45
01/18/2010,145.71,140.87
01/15/2010,145.11,140.33
01/14/2010,145.19,139.92
01/13/2010,145.43,139.86
01/12/2010,144.95,139.35
01/11/2010,143.85,138.77
01/08/2010,142.14,136.81
01/07/2010,140.74,135.24
01/06/2010,139.45,134.08
01/05/2010,139.34,134.14
01/04/2010,139.47,134.55
12/31/2009,138.75,133.03
12/30/2009,139.04,133.32
12/29/2009,139.42,133.80
12/28/2009,139.04,132.48
12/24/2009,138.35,131.07
12/23/2009,138.63,131.06
12/22/2009,138.59,131.23
12/21/2009,138.45,131.05
12/18/2009,138.59,130.60
12/17/2009,138.77,130.69
12/16/2009,138.94,130.80
12/15/2009,138.31,131.31
12/14/2009,138.53,130.72
12/11/2009,136.55,129.70
12/10/2009,134.79,128.95
12/09/2009,135.37,128.60
12/08/2009,136.59,128.78
12/07/2009,137.12,130.17
12/04/2009,137.17,130.92
12/03/2009,137.45,132.09
12/02/2009,139.59,133.38
12/01/2009,141.57,134.00
11/30/2009,141.63,133.36
11/27/2009,141.43,133.78
11/25/2009,141.80,133.60
11/24/2009,140.69,132.69
11/23/2009,139.48,132.19
11/20/2009,139.18,131.97
11/19/2009,139.61,132.07
11/18/2009,140.75,132.12
11/17/2009,140.55,132.79
11/16/2009,140.40,132.37
11/13/2009,139.42,132.19
11/12/2009,139.31,133.37
11/11/2009,139.82,133.73
11/10/2009,140.21,134.80
11/09/2009,140.93,135.34
11/06/2009,140.78,135.44
11/05/2009,141.33,135.76
11/04/2009,141.85,135.80
11/03/2009,141.85,136.46
11/02/2009,141.63,135.83
10/30/2009,140.83,135.38
10/29/2009,141.16,136.00
10/28/2009,141.79,136.41
10/27/2009,141.66,136.27
10/26/2009,140.32,134.91
10/23/2009,139.02,133.91
10/22/2009,137.75,133.34
10/21/2009,136.88,133.24
10/20/2009,137.96,132.99
10/19/2009,136.77,132.25
10/16/2009,135.87,132.13
10/15/2009,135.37,131.96
10/14/2009,135.60,131.25
10/13/2009,135.57,130.22
10/12/2009,134.02,129.49
10/09/2009,133.98,129.47
10/08/2009,133.79,129.20
10/07/2009,134.59,129.40
10/06/2009,135.29,129.33
10/05/2009,134.64,129.28
10/02/2009,134.66,130.04
10/01/2009,136.25,131.08
09/30/2009,137.68,132.32
09/29/2009,138.93,133.20
09/28/2009,138.73,132.90
09/25/2009,138.55,132.50
09/24/2009,140.34,133.58
09/23/2009,140.89,134.40
09/22/2009,141.18,134.38
09/21/2009,141.43,133.96
09/18/2009,141.21,133.64
09/17/2009,141.69,134.16
09/16/2009,142.34,134.41
09/15/2009,142.79,134.93
09/14/2009,142.16,134.29
09/11/2009,141.32,133.54
09/10/2009,141.95,133.96
09/09/2009,142.69,134.47
09/08/2009,142.50,134.58
09/04/2009,141.61,134.09
09/03/2009,142.49,134.94
09/02/2009,142.77,135.35
09/01/2009,143.25,135.61
08/31/2009,144.04,136.01
08/28/2009,143.55,135.88
08/27/2009,143.71,136.34
08/26/2009,144.35,137.02
08/25/2009,143.73,136.99
08/24/2009,143.03,135.86
08/21/2009,142.40,135.25
08/20/2009,141.87,134.81
08/19/2009,141.65,134.69
08/18/2009,142.44,135.37
08/17/2009,142.38,135.14
08/14/2009,141.29,134.70
08/13/2009,141.13,135.13
08/12/2009,141.19,134.34
08/11/2009,141.62,134.03
08/10/2009,140.85,133.98
08/07/2009,140.70,134.06
08/06/2009,140.70,134.07
08/05/2009,140.60,134.96
08/04/2009,142.64,135.70
08/03/2009,142.81,136.32
07/31/2009,141.64,135.74
07/30/2009,142.26,136.82
07/29/2009,142.69,137.00
07/28/2009,142.97,137.13
07/27/2009,143.08,137.25
07/24/2009,142.85,136.71
07/23/2009,143.05,136.74
07/22/2009,142.14,135.53
07/21/2009,140.57,134.31
07/20/2009,138.63,132.73
07/17/2009,136.54,130.71
07/16/2009,136.64,130.91
07/15/2009,138.08,131.70
07/14/2009,138.14,131.36
07/13/2009,137.56,131.44
07/10/2009,137.36,132.35
07/09/2009,137.52,132.29
07/08/2009,138.45,132.63
07/07/2009,138.00,132.53
07/06/2009,137.71,132.42
07/02/2009,137.89,132.44
07/01/2009,138.19,132.48
06/30/2009,139.37,133.11
06/29/2009,139.53,133.15
06/26/2009,138.93,132.30
06/25/2009,139.69,132.59
06/24/2009,139.94,133.13
06/23/2009,140.12,132.31
06/22/2009,139.85,131.94
06/19/2009,139.59,132.39
06/18/2009,139.93,133.08
06/17/2009,140.43,133.95
06/16/2009,140.55,133.43
06/15/2009,139.52,132.04
06/12/2009,138.79,132.51
06/11/2009,139.29,132.68
06/10/2009,140.44,132.73
06/09/2009,140.69,133.34
06/08/2009,139.69,132.90
06/05/2009,138.65,133.59
06/04/2009,140.32,134.92
06/03/2009,142.19,135.69
06/02/2009,142.62,136.75
06/01/2009,143.20,137.43
05/29/2009,144.11,138.54
05/28/2009,145.47,139.32
05/27/2009,146.84,139.88
05/26/2009,145.98,139.90
05/22/2009,145.73,140.50
05/21/2009,146.60,141.66
05/20/2009,147.72,142.11
05/19/2009,147.52,142.24
05/18/2009,147.58,143.02
05/15/2009,146.99,143.53
05/14/2009,146.04,142.92
05/13/2009,146.18,142.88
05/12/2009,146.24,142.95
05/11/2009,145.25,142.35
05/08/2009,144.88,142.31
05/07/2009,145.24,142.60
05/06/2009,145.69,143.32
05/05/2009,146.43,144.18
05/04/2009,148.25,145.15
05/01/2009,148.50,145.64
04/30/2009,149.97,146.96
04/29/2009,151.78,148.43
04/28/2009,152.61,149.41
04/27/2009,152.14,149.78
04/24/2009,151.94,150.08
04/23/2009,153.42,151.07
04/22/2009,154.37,151.50
04/21/2009,152.96,151.04
04/20/2009,151.44,149.57
04/17/2009,149.20,147.49
04/16/2009,147.90,145.58
04/15/2009,146.51,144.17
04/14/2009,142.79,143.07
04/13/2009,140.44,140.54
04/10/2009,139.03,138.55
04/09/2009,137.96,137.64
04/08/2009,137.37,136.80
04/07/2009,137.43,136.31
04/06/2009,136.79,135.63
04/03/2009,135.58,134.94
04/02/2009,135.80,135.18
04/01/2009,135.84,135.84
03/31/2009,134.70,136.12
03/30/2009,134.08,134.58
03/27/2009,133.58,134.17
03/26/2009,134.32,134.63
03/25/2009,135.39,134.61
03/24/2009,135.47,134.61
03/23/2009,134.89,133.62
03/20/2009,133.19,132.74
03/19/2009,133.13,133.32
03/18/2009,134.34,134.14
03/17/2009,135.61,134.52
03/16/2009,135.47,134.93
03/13/2009,135.84,135.27
03/12/2009,136.02,135.23
03/11/2009,135.45,134.88
03/10/2009,135.81,134.60
03/09/2009,135.35,134.32
03/06/2009,135.06,134.57
03/05/2009,135.47,134.12
03/04/2009,135.48,133.48
03/03/2009,134.82,132.92
03/02/2009,133.51,131.41
02/27/2009,132.21,130.55
02/26/2009,132.65,131.25
02/25/2009,134.07,131.70
02/24/2009,133.81,132.68
02/23/2009,133.74,133.83
02/20/2009,133.60,133.58
02/19/2009,134.13,133.72
02/18/2009,134.86,133.78
02/17/2009,135.71,135.12
02/16/2009,135.48,135.16
02/13/2009,135.18,134.48
02/12/2009,136.12,135.25
02/11/2009,136.42,135.20
02/10/2009,137.15,134.83
02/09/2009,136.76,134.29
02/06/2009,136.87,133.96
02/05/2009,138.85,135.34
02/04/2009,140.21,136.90
02/03/2009,141.12,137.37
02/02/2009,141.53,138.17
01/30/2009,141.83,138.90
01/29/2009,143.77,139.68
01/28/2009,146.23,140.88
01/27/2009,147.41,142.54
01/26/2009,148.13,143.55
01/23/2009,148.31,143.87
01/22/2009,149.65,143.54
01/21/2009,151.75,144.52
01/20/2009,152.97,145.67
01/19/2009,152.22,144.85
01/16/2009,151.37,144.23
01/15/2009,150.75,143.62
01/14/2009,149.90,142.81
01/13/2009,149.26,141.93
01/12/2009,147.60,139.46
01/09/2009,145.48,137.75
01/08/2009,143.75,136.76
01/07/2009,143.49,136.24
01/06/2009,144.80,136.25
01/05/2009,144.97,135.64
01/02/2009,143.19,135.50
12/31/2008,143.19,135.53
12/30/2008,143.42,135.40
12/29/2008,144.17,135.77
12/24/2008,144.46,134.60
12/23/2008,143.92,134.51
12/22/2008,144.27,135.68
12/19/2008,141.89,135.43
12/18/2008,141.55,135.07
12/17/2008,144.14,135.30
12/16/2008,144.19,134.58
12/15/2008,143.65,133.73
12/12/2008,141.22,132.39
12/11/2008,141.56,132.73
12/10/2008,144.13,133.57
12/09/2008,144.71,134.12
12/08/2008,144.02,135.01
12/05/2008,143.15,136.00
12/04/2008,145.78,137.14
12/03/2008,148.75,138.40
12/02/2008,151.41,140.66
12/01/2008,151.79,141.03
11/28/2008,151.61,140.76
11/26/2008,152.39,142.03
11/25/2008,153.94,144.01
11/24/2008,154.88,144.99
11/21/2008,156.10,145.23
11/20/2008,157.79,146.15
11/19/2008,158.22,147.87
11/18/2008,157.49,147.52
11/17/2008,157.39,146.73
11/14/2008,157.02,146.18
11/13/2008,157.37,146.49
11/12/2008,157.25,145.96
11/11/2008,154.68,144.27
11/10/2008,152.06,143.56
11/07/2008,150.25,142.50
11/06/2008,149.03,141.34
11/05/2008,147.64,140.32
11/04/2008,144.71,137.85
11/03/2008,142.74,136.92
10/31/2008,142.21,136.32
10/30/2008,141.81,135.42
10/29/2008,141.71,135.16
10/28/2008,142.95,135.41
10/27/2008,141.64,135.25
10/24/2008,141.52,135.04
10/23/2008,143.30,135.82
10/22/2008,144.38,137.56
10/21/2008,145.04,138.19
10/20/2008,145.56,138.03
10/17/2008,144.49,137.49
10/16/2008,145.61,138.20
10/15/2008,148.58,139.53
10/14/2008,149.47,139.46
10/13/2008,149.08,141.23
10/10/2008,149.51,143.24
10/09/2008,150.17,143.89
10/08/2008,150.47,144.67
10/07/2008,155.06,146.56
10/06/2008,156.16,147.01
10/03/2008,152.42,146.59
10/02/2008,153.69,147.10
10/01/2008,155.00,147.76
09/30/2008,155.40,148.46
09/29/2008,155.51,149.60
09/26/2008,155.42,149.95
09/25/2008,158.00,150.67
09/24/2008,159.61,151.96
09/23/2008,160.41,152.24
09/22/2008,159.55,151.88
09/19/2008,159.80,153.08
09/18/2008,160.77,154.33
09/17/2008,161.21,154.27
09/16/2008,160.75,154.02
09/15/2008,160.83,153.52
09/12/2008,160.57,153.61
09/11/2008,160.08,153.84
09/10/2008,160.09,153.91
09/09/2008,159.85,152.47
09/08/2008,158.91,152.03
09/05/2008,158.30,152.05
09/04/2008,158.41,152.00
09/03/2008,159.56,151.87
09/02/2008,159.95,152.17
08/29/2008,160.54,153.43
08/28/2008,160.99,153.94
08/27/2008,160.98,154.33
08/26/2008,162.04,155.31
08/25/2008,161.62,154.42
08/22/2008,160.78,155.19
08/21/2008,161.52,156.48
08/20/2008,163.09,157.04
08/19/2008,164.34,157.16
08/18/2008,164.29,157.41
08/15/2008,164.33,157.76
08/14/2008,164.84,157.72
08/13/2008,164.60,157.50
08/12/2008,164.47,157.45
08/11/2008,163.04,156.63
08/08/2008,162.22,155.77
08/07/2008,161.94,155.09
08/06/2008,160.88,154.78
08/05/2008,160.13,154.17
08/04/2008,159.52,152.15
08/01/2008,158.32,151.29
07/31/2008,158.48,151.97
07/30/2008,158.52,152.65
07/29/2008,160.39,152.20
07/28/2008,158.47,151.56
07/25/2008,158.50,152.57
07/24/2008,160.38,155.57
07/23/2008,163.59,157.87
07/22/2008,165.82,158.55
07/21/2008,167.27,159.15
07/18/2008,168.26,160.76
07/17/2008,169.67,161.34
07/16/2008,170.93,162.09
07/15/2008,172.33,164.49
07/14/2008,172.68,165.45
07/11/2008,172.96,165.64
07/10/2008,173.80,166.62
07/09/2008,173.71,166.79
07/08/2008,173.60,166.09
07/07/2008,172.64,165.61
07/03/2008,171.58,165.13
07/02/2008,171.17,164.59
07/01/2008,170.74,163.67
06/30/2008,168.91,162.07
06/27/2008,166.86,160.27
06/26/2008,164.83,159.65
06/25/2008,163.70,158.19
06/24/2008,163.55,156.72
06/23/2008,162.30,155.52
06/20/2008,159.50,153.57
06/19/2008,158.38,152.72
06/18/2008,158.08,152.18
06/17/2008,157.84,151.39
06/16/2008,157.21,151.99
06/13/2008,156.43,152.11
06/12/2008,156.80,152.47
06/11/2008,157.27,153.05
06/10/2008,157.45,153.39
06/09/2008,157.18,153.52
06/06/2008,157.37,152.75
06/05/2008,156.88,153.20
06/04/2008,156.86,153.00
06/03/2008,157.52,152.84
06/02/2008,155.89,152.34
05/30/2008,155.39,152.03
05/29/2008,155.91,152.76
05/28/2008,156.57,152.69
05/27/2008,156.04,152.16
05/23/2008,155.97,151.84
05/22/2008,156.46,152.98
05/21/2008,156.15,152.93
05/20/2008,156.44,152.49
05/19/2008,156.57,152.65
05/16/2008,156.56,152.02
05/15/2008,156.83,152.16
05/14/2008,156.50,152.15
05/13/2008,156.56,151.94
05/12/2008,156.84,152.19
05/09/2008,156.04,151.83
05/08/2008,155.18,152.10
05/07/2008,155.00,152.79
05/06/2008,154.97,152.64
05/05/2008,155.46,151.97
05/02/2008,154.46,152.45
05/01/2008,154.26,152.63
04/30/2008,155.27,152.37
04/29/2008,155.26,152.69
04/28/2008,155.00,151.77
04/25/2008,154.87,151.29
04/24/2008,155.27,151.73
04/23/2008,155.16,151.60
04/22/2008,154.06,151.06
04/21/2008,153.12,150.78
04/18/2008,151.21,148.99
04/17/2008,149.91,147.59
04/16/2008,149.90,146.82
04/15/2008,148.31,145.83
04/14/2008,145.83,144.65
04/11/2008,143.47,142.33
04/10/2008,141.94,141.16
04/09/2008,140.96,140.74
04/08/2008,139.69,139.38
04/07/2008,138.49,137.55
04/04/2008,137.09,136.45
04/03/2008,137.67,137.00
04/02/2008,137.77,137.24
04/01/2008,138.79,137.02
03/31/2008,139.02,137.00
03/28/2008,138.22,137.88
03/27/2008,139.05,138.80
03/26/2008,140.77,139.43
03/25/2008,140.64,139.63
03/24/2008,141.26,139.82
03/21/2008,141.31,139.50
03/20/2008,141.51,139.71
03/19/2008,141.92,140.35
03/18/2008,142.50,141.46
03/17/2008,142.65,141.76
03/14/2008,141.95,141.40
03/13/2008,143.32,143.15
03/12/2008,145.65,143.96
03/11/2008,148.57,144.77
03/10/2008,148.94,146.03
03/07/2008,147.71,146.04
03/06/2008,148.96,146.79
03/05/2008,150.16,147.37
03/04/2008,151.94,147.52
03/03/2008,151.41,147.45
02/29/2008,149.81,146.65
02/28/2008,149.77,146.75
02/27/2008,149.47,146.79
02/26/2008,149.15,146.45
02/25/2008,148.87,146.72
02/22/2008,148.21,146.45
02/21/2008,148.91,146.81
02/20/2008,150.25,147.48
02/19/2008,150.02,147.41
02/18/2008,149.57,147.40
02/15/2008,149.39,147.82
02/14/2008,150.43,148.11
02/13/2008,152.26,148.05
02/12/2008,152.37,147.25
02/11/2008,151.27,146.60
02/08/2008,150.21,145.81
02/07/2008,150.36,144.44
02/06/2008,149.43,142.98
02/05/2008,147.45,141.82
02/04/2008,145.40,140.43
02/01/2008,144.16,138.38
01/31/2008,143.45,137.68
01/30/2008,143.36,137.11
01/29/2008,143.13,136.77
01/28/2008,143.11,137.07
01/25/2008,142.74,136.47
01/24/2008,143.30,137.05
01/23/2008,144.09,137.19
01/22/2008,145.01,137.60
01/21/2008,144.86,138.18
01/18/2008,145.53,138.69
01/17/2008,146.99,139.27
01/16/2008,147.68,140.30
01/15/2008,147.97,140.14
01/14/2008,148.54,140.03
01/11/2008,148.78,139.51
01/10/2008,148.73,138.98
01/09/2008,149.13,139.01
01/08/2008,150.04,138.88
01/07/2008,149.54,138.35
01/04/2008,148.55,137.33
01/03/2008,148.38,137.77
01/02/2008,148.08,137.22
12/31/2007,147.21,135.58
12/28/2007,146.89,135.63
12/27/2007,147.83,136.45
12/26/2007,148.35,136.25
12/21/2007,148.62,135.69
12/20/2007,147.77,136.43
12/19/2007,148.27,137.41
12/18/2007,150.48,137.20
12/17/2007,151.30,135.85
12/14/2007,148.79,132.94
12/13/2007,147.24,132.00
12/12/2007,146.77,132.38
12/11/2007,147.86,132.32
12/10/2007,147.82,131.08
12/07/2007,147.31,130.62
12/06/2007,147.63,131.15
12/05/2007,148.21,132.35
12/04/2007,148.87,133.66
12/03/2007,149.62,133.70
11/30/2007,150.21,133.81
11/29/2007,149.92,135.77
11/28/2007,151.34,137.00
11/27/2007,151.12,136.54
11/26/2007,150.68,134.95
11/23/2007,148.55,134.46
11/21/2007,147.98,134.60
11/20/2007,148.24,134.54
11/19/2007,145.75,133.69
11/16/2007,144.07,133.29
11/15/2007,144.02,132.95
11/14/2007,144.30,132.95
11/13/2007,143.13,132.17
11/12/2007,141.97,129.91
11/09/2007,140.63,128.61
11/08/2007,140.02,128.63
11/07/2007,139.20,128.32
11/06/2007,139.60,128.62
11/05/2007,139.43,128.26
11/02/2007,137.98,127.60
11/01/2007,138.95,127.61
10/31/2007,140.67,128.15
10/30/2007,141.43,129.06
10/29/2007,141.13,129.71
10/26/2007,141.55,129.30
10/25/2007,143.39,129.82
10/24/2007,144.08,131.28
10/23/2007,144.73,132.51
10/22/2007,144.55,132.58
10/19/2007,144.60,132.81
10/18/2007,145.40,133.11
10/17/2007,145.27,133.71
10/16/2007,145.43,133.77
10/15/2007,144.56,133.60
10/12/2007,143.49,133.48
10/11/2007,143.96,134.36
10/10/2007,145.78,135.23
10/09/2007,146.24,135.72
10/08/2007,145.92,136.12
10/05/2007,145.64,135.84
10/04/2007,146.74,136.33
10/03/2007,147.00,136.28
10/02/2007,147.20,136.23
10/01/2007,146.61,137.14
09/28/2007,146.40,137.53
09/27/2007,147.40,138.29
09/26/2007,147.01,137.71
09/25/2007,146.35,137.08
09/24/2007,146.24,136.73
09/21/2007,145.07,136.21
09/20/2007,144.96,136.49
09/19/2007,145.49,137.54
09/18/2007,146.78,138.08
09/17/2007,146.38,137.92
09/14/2007,145.40,138.52
09/13/2007,146.05,139.32
09/12/2007,147.07,139.81
09/11/2007,148.41,140.37
09/10/2007,148.42,141.35
09/07/2007,147.66,141.74
09/06/2007,148.34,142.30
09/05/2007,148.99,142.41
09/04/2007,148.88,141.42
08/31/2007,147.77,140.54
08/30/2007,147.05,140.57
08/29/2007,146.67,140.06
08/28/2007,146.51,139.38
08/27/2007,144.62,138.22
08/24/2007,143.15,137.06
08/23/2007,143.36,136.95
08/22/2007,143.05,136.82
08/21/2007,143.34,137.04
08/20/2007,143.84,138.42
08/17/2007,143.79,138.25
08/16/2007,144.39,138.77
08/15/2007,144.61,138.84
08/14/2007,144.46,138.81
08/13/2007,144.70,138.59
08/10/2007,144.07,137.99
08/09/2007,143.91,138.49
08/08/2007,144.36,139.32
08/07/2007,144.92,139.94
08/06/2007,145.40,140.18
08/03/2007,144.61,139.05
08/02/2007,144.84,138.87
08/01/2007,144.59,138.29
07/31/2007,143.23,136.84
07/30/2007,141.48,135.74
07/27/2007,140.75,135.04
07/26/2007,140.53,134.64
07/25/2007,140.07,134.58
07/24/2007,140.54,134.59
07/23/2007,141.96,135.23
07/20/2007,141.34,136.15
07/19/2007,142.26,136.67
07/18/2007,143.52,136.55
07/17/2007,143.73,137.01
07/16/2007,143.30,137.23
07/13/2007,142.92,136.83
07/12/2007,143.19,136.98
07/11/2007,143.09,136.95
07/10/2007,142.29,136.40
07/09/2007,140.62,134.97
07/06/2007,139.63,133.79
07/05/2007,139.85,133.40
07/03/2007,140.42,133.62
07/02/2007,139.56,132.95
06/29/2007,138.77,132.11
06/28/2007,139.21,131.98
06/27/2007,139.29,131.87
06/26/2007,139.65,132.30
06/25/2007,139.66,132.97
06/22/2007,140.07,134.13
06/21/2007,141.21,135.31
06/20/2007,143.43,136.92
06/19/2007,144.46,137.65
06/18/2007,144.31,138.73
06/15/2007,144.72,139.16
06/14/2007,146.11,139.94
06/13/2007,147.58,140.70
06/12/2007,149.37,142.06
06/11/2007,150.36,142.33
06/08/2007,149.71,142.72
06/07/2007,150.47,143.90
06/06/2007,152.80,145.01
06/05/2007,154.94,145.58
06/04/2007,155.68,145.78
06/01/2007,154.86,145.25
05/31/2007,155.41,146.44
05/30/2007,157.22,147.83
05/29/2007,156.77,147.61
05/25/2007,157.52,147.83
05/24/2007,160.06,148.53
05/23/2007,162.32,149.60
05/22/2007,164.36,151.21
05/21/2007,166.19,153.38
05/18/2007,165.95,154.08
05/17/2007,166.40,153.62
05/16/2007,167.17,154.00
05/15/2007,166.66,153.26
05/14/2007,165.15,151.47
05/11/2007,162.56,149.97
05/10/2007,161.50,148.69
05/09/2007,160.86,146.95
05/08/2007,158.89,144.47
05/07/2007,156.60,143.91
05/04/2007,155.33,144.12
05/03/2007,155.67,144.47
05/02/2007,155.76,144.81
05/01/2007,157.76,146.20
04/30/2007,157.89,146.07
04/27/2007,157.76,145.64
04/26/2007,159.76,146.59
04/25/2007,162.29,148.36
04/24/2007,164.45,150.63
04/23/2007,163.46,151.47
04/20/2007,162.58,152.04
04/19/2007,163.77,153.08
04/18/2007,167.25,154.98
04/17/2007,168.68,156.55
04/16/2007,169.17,157.30
04/13/2007,169.67,158.95
04/12/2007,172.47,159.75
04/11/2007,171.96,159.23
04/10/2007,166.99,156.80
04/09/2007,163.38,154.12
04/06/2007,159.58,151.26
04/05/2007,157.10,148.58
04/04/2007,156.33,147.24
04/03/2007,154.64,145.79
04/02/2007,153.35,144.46
03/30/2007,151.86,142.91
03/29/2007,152.47,143.22
03/28/2007,154.10,144.56
03/27/2007,155.47,146.42
03/26/2007,156.39,147.48
03/23/2007,158.01,148.36
03/22/2007,159.29,148.83
03/21/2007,162.42,151.41
03/20/2007,164.57,154.08
03/19/2007,164.03,155.25
03/16/2007,164.19,155.76
03/15/2007,166.00,156.37
03/14/2007,167.53,155.98
03/13/2007,165.92,154.82
03/12/2007,163.88,153.07
03/09/2007,159.88,150.83
03/08/2007,158.04,148.50
03/07/2007,157.15,147.22
03/06/2007,152.77,146.54
03/05/2007,150.67,144.33
03/02/2007,148.86,142.19
03/01/2007,148.40,141.91
02/28/2007,148.82,141.94
02/27/2007,150.07,142.77
02/26/2007,150.28,143.47
02/23/2007,149.39,143.25
02/22/2007,150.87,144.61
02/21/2007,152.58,145.50
02/20/2007,154.01,146.08
02/19/2007,154.38,147.06
02/16/2007,154.37,146.93
02/15/2007,155.29,147.21
02/14/2007,155.47,146.53
02/13/2007,152.21,144.44
02/12/2007,149.08,142.31
02/09/2007,145.17,139.35
02/08/2007,143.63,137.31
02/07/2007,143.18,136.44
02/06/2007,142.78,135.64
02/05/2007,141.95,134.70
02/02/2007,141.22,134.21
02/01/2007,142.31,134.55
01/31/2007,143.62,134.74
01/30/2007,144.09,135.20
01/29/2007,144.07,135.85
01/26/2007,146.26,136.84
01/25/2007,148.57,137.53
01/24/2007,149.57,137.77
01/23/2007,150.74,139.02
01/22/2007,151.73,140.20
01/19/2007,152.93,141.23
01/18/2007,153.54,141.22
01/17/2007,154.66,141.64
01/16/2007,155.97,141.71
01/15/2007,155.71,141.44
01/12/2007,155.33,140.58
01/11/2007,154.05,139.31
01/10/2007,152.91,138.68
01/09/2007,150.85,137.21
01/08/2007,149.38,136.01
01/05/2007,147.79,133.68
01/04/2007,147.10,132.08
01/03/2007,145.55,130.76
01/02/2007,144.61,129.32
12/29/2006,144.01,128.78
12/28/2006,144.40,128.57
12/27/2006,144.06,127.81
12/26/2006,141.31,125.93
12/22/2006,140.26,124.88
12/21/2006,140.69,124.88
12/20/2006,143.32,126.38
12/19/2006,142.80,126.63
12/18/2006,144.50,127.52
12/15/2006,144.66,126.29
12/14/2006,144.31,125.49
12/13/2006,142.67,125.35
12/12/2006,142.60,125.06
12/11/2006,142.78,124.43
12/08/2006,142.38,124.86
12/07/2006,142.64,125.71
12/06/2006,142.69,126.39
12/05/2006,142.60,126.55
12/04/2006,142.35,126.45
12/01/2006,141.11,126.44
11/30/2006,140.20,126.70
11/29/2006,140.62,127.37
11/28/2006,141.39,127.80
11/27/2006,141.51,128.22
11/24/2006,142.15,129.34
11/22/2006,142.18,129.35
11/21/2006,142.05,128.90
11/20/2006,140.65,127.81
11/17/2006,140.53,128.01
11/16/2006,142.70,129.74
11/15/2006,143.83,130.54
11/14/2006,144.51,131.43
11/13/2006,143.85,131.06
11/10/2006,143.46,130.83
11/09/2006,143.31,131.94
11/08/2006,144.34,132.41
11/07/2006,146.86,132.69
11/06/2006,146.54,133.27
11/03/2006,146.27,134.15
11/02/2006,147.79,135.30
11/01/2006,147.70,135.49
10/31/2006,148.05,135.72
10/30/2006,147.77,136.48
10/27/2006,146.47,135.98
10/26/2006,147.23,136.78
10/25/2006,148.04,137.62
10/24/2006,148.49,137.63
10/23/2006,148.08,137.45
10/20/2006,146.96,136.62
10/19/2006,146.65,136.56
10/18/2006,146.27,136.36
10/17/2006,145.83,135.92
10/16/2006,144.85,135.00
10/13/2006,143.44,134.61
10/12/2006,143.32,134.44
10/11/2006,143.28,133.87
10/10/2006,142.80,133.53
10/09/2006,142.27,133.46
10/06/2006,142.15,134.31
10/05/2006,142.39,134.72
10/04/2006,142.41,134.54
10/03/2006,142.29,134.35
10/02/2006,142.51,133.35
09/29/2006,142.09,133.13
09/28/2006,141.72,132.82
09/27/2006,141.55,132.67
09/26/2006,141.46,132.79
09/25/2006,139.89,131.89
09/22/2006,139.12,131.61
09/21/2006,140.71,131.66
09/20/2006,141.94,132.41
09/19/2006,144.11,134.03
09/18/2006,144.58,134.94
09/15/2006,144.84,135.13
09/14/2006,145.98,136.48
09/13/2006,147.27,137.84
09/12/2006,149.21,139.60
09/11/2006,149.00,139.16
09/08/2006,148.82,138.21
09/07/2006,148.37,138.12
09/06/2006,148.06,138.86
09/05/2006,147.01,138.29
09/01/2006,145.24,135.39
08/31/2006,145.28,135.39
08/30/2006,145.47,135.76
08/29/2006,145.93,136.47
08/28/2006,145.94,135.50
08/25/2006,145.65,134.78
08/24/2006,146.40,136.11
08/23/2006,147.63,136.87
08/22/2006,148.42,137.52
08/21/2006,148.52,138.25
08/18/2006,149.35,139.19
08/17/2006,151.08,140.05
08/16/2006,151.39,139.42
08/15/2006,151.58,139.35
08/14/2006,150.93,139.91
08/11/2006,148.99,138.20
08/10/2006,147.74,136.33
08/09/2006,146.97,135.02
08/08/2006,145.81,133.32
08/07/2006,143.99,131.02
08/04/2006,141.86,128.83
08/03/2006,140.68,127.03
08/02/2006,140.21,125.44
08/01/2006,140.01,124.16
07/31/2006,140.33,123.33
07/28/2006,139.22,122.93
07/27/2006,139.14,122.97
07/26/2006,141.02,123.48
07/25/2006,142.91,124.36
07/24/2006,142.09,124.72
07/21/2006,141.94,124.28
07/20/2006,142.73,124.04
07/19/2006,144.39,123.89
07/18/2006,145.20,124.29
07/17/2006,146.35,125.62
07/14/2006,147.09,125.80
07/13/2006,148.49,126.30
07/12/2006,149.80,127.45
07/11/2006,150.87,128.49
07/10/2006,151.69,129.66
07/07/2006,152.39,130.38
07/06/2006,153.17,131.14
07/05/2006,154.20,131.66
07/03/2006,153.95,131.49
06/30/2006,154.07,131.39
06/29/2006,153.93,131.23
06/28/2006,154.14,130.80
06/27/2006,153.94,130.75
06/26/2006,152.45,130.10
06/23/2006,152.12,129.29
06/22/2006,152.77,129.72
06/21/2006,152.49,130.01
06/20/2006,152.24,129.64
06/19/2006,151.79,129.37
06/16/2006,151.51,129.09
06/15/2006,151.65,128.84
06/14/2006,151.82,128.94
06/13/2006,152.35,129.36
